1,oholmes,7e353f2e06332ec326aac0b464490b9a8a9355b9107fbf915fd2122b9ce20f13,johngriffin@example.org,2023-11-10 08:37:40,active
2,rebecca94,86a718866d37d67495d14cc7e8cb4828cca66195c792e2f8509d06559aed750f,karen39@example.net,2024-10-08 04:17:54,active
3,dennistaylor,b1a643214ab371fb427f65b0714c1fab88007c87453286e372f4c6653688ea1d,hahnashley@example.org,2024-02-29 17:15:06,active
4,donald35,ea3ffd7e3a88966030a2ee4413a8212bf9b2f3aa6fee33328b651774ccf3b0b8,acarlson@example.org,2024-08-31 11:59:09,suspended
5,jeffery88,6071ca06c11de550e2701e8d67bc715f11d9f25fbfca420a6c9ba062636199f0,loganmorgan@example.com,2024-09-12 15:22:16,suspended
6,thomasamanda,947052e92defcea4d8344d6f7c92b95a22af9006eef280e621766a9a864737d8,kimberly13@example.com,2024-01-12 15:49:08,suspended
7,wjones,2a1eec2ec5fbf6b8eb1830fac312e233fc44c151a12c61d0b940485e021bc969,bmartin@example.com,2024-10-10 11:53:05,active
8,randall92,3745078674a6664e64464b044471851f76d1f7e69c2cad036abaf884346339bf,byrdjerry@example.net,2024-02-11 20:39:52,active
9,owells,da6cab56958b2a0906a6511a199c5d61c4c075d96cc143c7906ef64362402552,anthonyjohnson@example.com,2024-07-14 04:30:22,active
10,brian92,95d9fab58d971fe08ba97465c892e7e7bd0017156f0e2c2de45ec2b1a1346683,charles00@example.org,2024-02-05 06:54:34,suspended
