1,46,place,"Reality recognize concern. Number perhaps animal attention. Hair bit major certain perform major.
Radio small coach example reflect. Think majority return heavy save note. Above goal actually.",44.14,89.25,surface,exchanged,2023-12-23 17:46:45,2024-08-11 23:39:59
2,23,suffer,"Officer sure bar. Town good opportunity as such bed.
Local raise four kind need per but.
Factor use human meet.
Lay matter past program interesting. Spend factor great west newspaper.",72.3,231.4,look,exchanged,2024-06-14 04:47:01,2024-06-10 04:55:18
3,32,decision,"Successful physical center couple scene. Probably ever realize suffer.
Certainly trade my away. Religious include likely including candidate could chance answer.",29.43,739.58,key,available,2024-06-16 20:42:30,2024-04-03 12:35:38
4,58,pull,Nice modern check his part. On information learn say arrive case which agent. Civil last fall walk apply behind nearly minute.,48.22,900.91,area,exchanged,2024-03-05 07:04:26,2024-07-28 02:00:35
5,95,dinner,"Pretty meet score its over. Style option western federal market.
Name deep note former key north. Long play computer like behavior.
Let can buy. Social father across pay.",55.53,670.41,walk,exchanged,2024-09-23 10:48:40,2024-01-06 22:19:32
6,21,official,"Stay nature single modern. Central ever marriage some worker camera.
My half nice yet. Consider we ahead loss. National operation year exist society attention allow.",6.0,329.75,establish,available,2024-02-05 20:14:53,2024-07-14 16:27:50
7,81,industry,If others age however cause ability street present. Modern successful individual land. Condition nothing training cell better black whose. Issue one hope because center red home.,7.37,720.43,either,available,2024-01-29 08:58:58,2024-08-02 01:38:45
8,20,per,"Ask certainly gun name teacher participant rise staff. Morning race carry response she why.
West want player stop not. Tell safe safe glass old.",55.56,822.89,tonight,available,2024-05-31 02:15:47,2024-02-18 05:06:40
9,66,another,"Morning also news less structure require art. Employee again story source. Difference movie choose often.
Town hotel account home.",97.66,392.78,use,exchanged,2024-04-16 23:35:32,2024-10-26 13:39:27
10,68,great,Weight explain site answer about. Beautiful goal executive leader. Administration others although true capital home.,27.09,809.31,magazine,exchanged,2024-07-16 06:01:26,2023-12-26 08:46:42
11,28,society,"Peace anyone maybe study. Law discuss year just seven himself.
Third feeling be. Capital study also pressure operation child garden husband. Rise hand thing let.",6.7,22.95,cultural,exchanged,2024-09-06 09:42:06,2024-07-31 13:51:15
12,64,window,"Actually between until personal down same.
Radio part we its. Resource speak current national improve doctor adult. Consider summer middle large national test.",77.2,188.96,rich,available,2024-05-09 16:39:09,2024-07-19 09:54:52
13,26,coach,"Explain couple however receive shoulder system. Force west look. Bank son word war listen before.
Nation yeah level head lawyer. Movement case choice. Tonight police why action ago.",27.1,301.93,voice,exchanged,2024-09-07 08:56:00,2024-08-15 16:16:34
14,67,write,"Tough develop eight could election. Determine like federal visit.
Cold per big admit you.",89.99,924.33,page,exchanged,2024-04-15 05:04:50,2024-01-24 06:00:34
15,33,that,Leader relate never more phone trip. Blue call amount across month difference age. Seek play tonight suddenly. Agent foot draw network.,13.34,199.96,rather,pending,2024-02-06 03:45:53,2024-04-24 01:53:49
16,86,second,"Site program onto form. That could expert appear value generation.
Practice road white including garden politics. Another market have service leave. Throw then race.",24.8,974.15,dark,pending,2024-03-30 15:40:27,2024-10-14 15:41:50
17,18,hundred,"City avoid bag hour. To whose series else various shake too loss.
Later oil east truth rise at rather. Over particular positive around near heavy black. Goal use attorney someone what thousand old.",83.54,308.01,environment,pending,2024-01-27 18:43:03,2024-10-16 13:12:19
18,9,budget,Area score enter again. Three imagine nearly foot deep near. Age eight perhaps participant term. Bit page without trouble.,64.55,515.67,trouble,pending,2024-10-25 15:50:17,2024-04-02 16:21:03
19,100,school,"Describe follow protect tough for tax. Mission box pass before south notice hair.
Opportunity capital until PM sign run even. Month animal woman market. Foot finish raise although policy assume.",4.71,49.63,be,pending,2024-06-13 06:31:40,2024-03-21 00:51:01
20,32,beat,"Imagine gas adult state. Affect control raise. Gun media range debate need. Thus myself fund store.
Own thank single. Account budget choose you serve person. While meeting store security.",34.77,212.84,action,pending,2024-04-24 06:21:46,2024-06-24 21:53:24
21,77,travel,Election writer know beat thank image section window.,90.95,170.33,lot,available,2024-08-10 19:10:59,2023-11-24 11:05:52
22,34,lead,"Unit leader onto help.
Force your face. Air purpose reality ten although father.
Democratic Congress sea perform old. Election capital feeling there child stand actually.",61.91,854.65,whatever,available,2024-03-16 13:02:37,2024-07-25 21:07:01
23,35,culture,Budget involve box tax. Hand until have partner model. Remain glass resource know end loss agree.,36.27,909.28,decision,pending,2024-05-17 03:59:08,2024-02-15 08:25:52
24,43,movie,"Network both degree onto give join. Claim doctor less once simple study.
Approach rather religious cover speech daughter character. Yeah east manage training. Store very bring.",93.23,911.01,drop,pending,2024-08-19 21:51:56,2024-05-27 15:18:44
25,82,long,"Network order charge door. Happy high wish receive respond word carry.
Almost to service lead big southern night. Perform parent a effort word especially although.",90.91,679.8,range,exchanged,2024-03-06 00:49:35,2024-10-16 19:00:40
26,12,hit,"Available first more four bill there yes.
Resource factor determine together talk. Interest measure friend beautiful would growth body.",40.58,385.78,because,pending,2024-04-23 09:02:59,2024-04-20 06:31:45
27,43,task,"Add beat list front decision. Well approach often reveal. Public leave hand ball travel kitchen song.
Admit particular position than school but town. Himself actually safe health red.",3.08,791.62,bad,available,2024-10-01 02:46:02,2024-09-19 21:50:50
28,46,gas,Especially left indeed describe. Else stage money resource happy. Real agency social sing prepare outside side clear.,61.53,410.83,direction,exchanged,2024-10-17 18:34:09,2024-01-07 00:13:07
29,44,something,"Couple thing region answer while. By history east social many rest.
Buy sometimes heavy song. Experience to they player subject.",43.41,72.17,pull,exchanged,2024-04-09 06:04:34,2024-04-22 18:53:03
30,10,perhaps,Present hard series coach go partner. Gun standard see stuff itself because artist.,40.0,747.93,represent,exchanged,2024-08-28 13:26:30,2024-06-11 12:09:09
31,1,nice,"Data property Republican agent. Admit Mr series.
Threat not return camera ability indicate create mission. Necessary write onto some successful what high.",72.22,931.31,something,exchanged,2023-12-25 21:03:03,2024-02-10 07:20:03
32,34,stay,"Rate tough quite fall letter mission. This just receive east movie. Sort key let very specific. Air knowledge these.
Might no growth member rich. Bar blood manager sort foot.",82.06,391.61,talk,available,2024-09-02 03:32:46,2024-10-27 17:05:36
33,10,with,Hundred end too get tonight item. Raise always increase store. No arm hit join.,45.62,28.3,happen,pending,2024-08-13 17:22:27,2024-07-14 17:04:47
34,63,pretty,Song power able assume without deep. Black water rather play success idea. Relate kind group tell without.,89.19,263.88,center,exchanged,2024-08-22 02:47:29,2024-01-30 02:35:43
35,22,doctor,Week win project party rather research who. Time suggest moment beyond father see. Town miss specific sign I.,98.9,371.65,large,exchanged,2024-03-10 13:24:10,2024-05-28 19:38:20
36,17,finally,Training value article serious must. On agreement company who recent. Television range down leg walk piece product.,52.03,73.36,skin,pending,2024-01-28 17:10:09,2024-04-14 13:22:01
37,78,fact,"Activity fine word PM program. Science perform change stock couple hair have.
Theory media however address middle. Best occur positive smile effort.",24.04,766.77,response,available,2024-02-09 03:02:54,2024-05-14 18:36:01
38,6,month,"Sell away his network. Difficult raise instead about.
Every hundred there your. Body process specific call help clearly compare pick.",80.91,604.61,director,available,2023-12-01 01:54:49,2024-04-22 05:22:47
39,11,customer,However education model pick language. Allow later lead responsibility start lot land. Paper election so.,84.56,756.78,collection,available,2024-08-21 17:36:17,2024-08-10 07:21:46
40,99,perhaps,"Space identify candidate next number five. Same chair behavior must major before.
Picture fall floor attorney into difficult. Difficult wear occur. Tough movement song anything shake least land.",8.25,548.16,and,exchanged,2024-04-05 12:04:45,2024-06-10 01:48:01
41,33,number,"Position upon sign order central. Less into top she yet available important bring.
Task prevent especially likely design indeed. Return city social. Majority eye list chair small why between.",2.22,510.37,treatment,available,2024-07-02 12:21:37,2024-02-02 22:19:28
42,38,toward,"Make recent party candidate. Board that career international southern. Impact total attorney other watch point.
Writer difference who. Forget major them listen return him.",97.63,319.75,rich,available,2023-12-13 17:54:21,2024-10-18 20:07:54
43,18,lay,Hot watch ready discussion west hit its. Teach board investment by message on nothing. Another either may energy while sort test.,88.74,699.08,nothing,pending,2024-03-15 20:56:04,2024-07-27 16:33:42
44,44,memory,"Score bag adult line series author fear. Recent think add space PM on through word.
Test bad hundred turn wish.",47.61,539.85,then,pending,2024-02-09 14:43:40,2024-04-19 23:01:02
45,41,despite,"Pass friend test opportunity talk huge increase. Green make close.
Buy majority arm next Congress word bar economic. Together ok physical range find middle war.",44.6,223.68,however,exchanged,2024-06-27 23:29:01,2024-07-09 23:26:43
46,48,magazine,"Term reach others home. Candidate in blood case glass development home. Remember often ever improve.
Health data movement college. Author political none allow. Few but white education finish worry.",49.29,67.06,star,pending,2024-06-11 14:48:23,2024-07-24 03:42:28
47,4,you,"Whether real still share cell first. Medical mind door fall. Radio measure whole think.
Opportunity left season better role firm hard. Expect alone coach relate collection.",18.81,599.14,crime,exchanged,2024-07-30 03:47:29,2024-08-30 11:43:16
48,76,his,"Game media down open. Their use pass agent article.
Anything PM open feeling yes describe go. Medical help treat compare school human Mr. Speech easy free such simply politics.",89.46,212.97,center,pending,2024-05-09 03:27:31,2023-11-16 17:45:03
49,65,fact,"Organization student clearly authority increase. Control friend customer price Democrat I.
Opportunity against side history administration. Test leader attention mother relate skin.",89.83,526.68,ago,pending,2024-10-24 03:14:57,2024-05-30 16:00:13
50,25,institution,"Her defense to marriage. Talk baby yes around. Live information family dream.
Like about tell foreign meet successful. Look old data imagine. Record table small newspaper according.",55.04,517.94,sister,pending,2024-05-19 21:30:44,2024-01-07 23:55:51
51,76,close,Treat event raise pattern. North return nature change fast sound drug. Brother experience detail spring unit marriage.,62.98,238.17,according,exchanged,2024-08-16 04:35:05,2024-01-08 06:07:09
52,44,mission,Street practice not positive current personal. Cold tell early surface. Boy fight this she.,58.92,379.7,give,exchanged,2024-07-18 19:07:36,2024-05-06 19:58:07
53,67,space,Example radio serious though friend suddenly bar project. Seem team every usually with last threat participant. Seat quickly mother very issue very.,95.29,875.52,part,available,2024-02-28 10:18:31,2023-12-09 01:30:20
54,69,young,Long something them rate drop red continue. However cell raise wrong lead. Risk support expect recently. Enter understand doctor unit feel.,12.76,95.71,purpose,available,2024-09-16 01:14:10,2024-02-04 23:30:53
55,31,only,Keep result at act few performance. Left heavy professor daughter nice hold. Here car buy administration cup.,59.4,598.66,see,exchanged,2023-11-19 10:58:29,2024-07-12 18:39:07
56,26,body,"Help same wall personal. Military company your official single.
Goal base smile watch plan military choose. Stand back they put arrive push. Hit artist travel a full all.",31.61,51.77,upon,pending,2024-08-03 10:36:31,2024-08-31 02:15:51
57,45,daughter,"Drop might hundred half season. Space general culture together kid field start expert.
Soldier cause long. Medical already force weight.",3.43,231.78,man,pending,2024-06-19 21:10:49,2024-06-20 23:26:07
58,27,reality,"Bag many build blue example drug else. Factor stop land gun. Enter still common free.
Per including allow answer. Large oil gun inside. Small action material travel themselves put.",69.41,328.15,idea,exchanged,2023-11-12 07:32:19,2024-01-02 11:25:10
59,45,rock,"Five seat from decide on before pretty gun. Fish success break difference herself loss.
Late mind send almost term positive. Mean country wonder surface able.",22.35,122.11,audience,exchanged,2024-08-26 23:07:10,2024-01-27 05:24:40
60,87,purpose,Radio approach receive over industry beyond herself. Personal down quality personal ahead able.,16.14,688.73,television,available,2024-01-25 13:37:17,2024-09-23 09:05:12
61,5,former,Me church vote field time audience. Off their trip husband change step. Especially growth accept start number network my.,95.32,457.23,mean,exchanged,2024-03-12 08:28:02,2024-07-22 13:30:07
62,81,yard,Stay cold dinner edge commercial study effort final. Strategy many strategy pull.,15.89,529.99,teacher,pending,2023-11-24 00:19:08,2023-12-11 11:43:37
63,55,structure,However article experience read treat. Entire page perform able. Short sometimes who kid near town painting.,8.89,496.14,water,available,2024-08-16 19:04:56,2024-01-18 07:21:17
64,22,trial,Job either beautiful themselves avoid another itself. Arrive whole grow authority food energy. Action me letter more. These work service still operation many player sea.,84.27,847.58,field,pending,2024-01-10 06:43:10,2024-02-01 12:52:37
65,27,pressure,Field first cut truth both among no necessary. Similar husband you probably politics their. Tax theory since study idea south.,68.79,275.13,yeah,exchanged,2023-11-08 05:51:28,2024-07-17 16:29:20
66,44,beat,Draw agent although summer unit town. Which election board herself. Pm growth most prove. Nice enter price when sister name police.,74.83,491.23,need,exchanged,2024-02-09 00:19:22,2024-08-11 12:47:12
67,11,glass,Development even artist. Single current determine thus light. Toward need agency rate.,69.98,666.6,enter,available,2024-08-06 23:31:01,2024-01-11 14:06:19
68,63,information,Though recent table team. Discuss describe without talk meet with. Born standard deal population wear step east.,8.76,664.58,figure,exchanged,2024-10-12 11:34:52,2024-04-06 13:21:31
69,87,financial,"Again quality kind drop than successful.
Indicate power will set around. Through never number foreign television student. Later shake would of win either argue choose.",52.3,629.03,toward,exchanged,2024-09-26 21:45:17,2024-10-03 10:12:21
70,60,admit,"Network out approach court reality. Direction present alone pressure. View girl indeed Democrat whole.
Safe wear political get beyond change of. Ahead already yard after wait sell unit interest.",82.13,749.34,dream,available,2023-11-29 20:15:27,2024-10-22 02:11:15
71,59,sound,"Hit role doctor help develop crime. Audience beat would as crime among each.
Others tax decision politics make left. Direction less wife region order democratic quality.",5.2,872.3,somebody,pending,2023-11-09 08:02:53,2024-02-11 08:53:31
72,6,smile,"One hold window security. This minute picture threat. Short single front test record list.
Compare relationship face both. Film course interest join. Week kind source each property worry.",99.19,689.1,call,pending,2024-07-01 08:12:43,2024-01-26 23:40:32
73,34,among,"Ten red or standard.
We style identify. Fall actually interview wall. Rise election power camera fact.
Cup anyone one. Happy young never wide cell. List son box lay knowledge defense reality.",46.84,616.73,beautiful,pending,2023-11-03 10:10:48,2024-01-04 23:23:52
74,52,lawyer,Hot audience nature control all letter. Suffer customer run responsibility firm police special determine. Feeling song fear development cover hit.,49.47,790.98,beat,exchanged,2024-04-14 00:18:24,2024-03-19 14:03:27
75,32,who,"Analysis identify green bring effort.
Think during society themselves bag. Material chance think professor door huge. Southern building half political deep daughter major.",25.54,161.57,meet,pending,2023-12-17 18:29:10,2024-02-04 19:14:17
76,70,today,"Mind increase start pressure political method history. Skin report bring resource expect pattern.
School population cost.
Data require reveal American Mr stuff. Believe mind five show improve loss.",12.74,65.05,risk,available,2024-02-21 21:27:02,2024-09-08 02:02:02
77,65,tough,"Particularly third majority positive school art. Care need throughout myself. Cold common either successful quickly property cup still.
Begin sit create.",20.01,737.53,lawyer,pending,2023-12-17 08:51:11,2023-12-03 09:44:51
78,58,add,"Natural no civil present second child phone ago. Just already take however everyone. East bed environment exactly word.
Card list both over language laugh. And particularly big society.",89.05,777.66,after,exchanged,2024-05-22 18:24:00,2023-12-03 23:52:11
79,84,along,Others citizen wonder culture. Professor program cold the board cold change. Adult trip be effect heart popular.,11.32,112.35,suddenly,pending,2024-05-31 07:20:44,2024-10-14 18:45:29
80,74,live,Wind wonder operation feeling practice new. Boy real watch investment positive. Major happen face page toward.,82.28,455.53,gas,exchanged,2024-03-05 13:52:33,2023-11-04 00:03:06
81,92,much,"Available which pressure work. Common stand which south. Benefit decision glass history peace civil.
Matter low free especially medical cover on. Remain south entire should.",84.59,141.32,establish,exchanged,2024-10-16 11:24:31,2024-05-01 01:28:40
82,22,anything,"Tv action shake eight practice represent. Gas difference record past. Treatment focus moment.
Big exist move wait this green check per. Girl natural safe best cell national. Risk draw main only sea.",88.46,364.54,lose,exchanged,2024-08-15 07:50:49,2024-04-24 22:34:29
83,4,score,"Agreement always middle. Respond even little run my. Benefit color explain interest.
Least enter relationship national speak keep real. Whom west during those.",8.86,890.31,subject,available,2024-06-01 15:37:54,2023-12-03 00:16:12
84,53,likely,"Ok might consumer morning firm game. Bar plant manager simply my available.
Meet several business difference. Thought television such significant. Use drive tonight born.",74.49,47.25,clear,available,2024-03-16 09:02:40,2024-02-18 06:27:35
85,18,matter,Glass leg risk offer now serious health very. Drive would building professional half during risk. Son garden item.,83.72,751.79,everyone,available,2024-04-25 19:56:43,2024-06-03 19:08:19
86,98,federal,Notice shoulder boy tonight middle share customer. Green sign way start response each situation evidence. Respond coach read high.,49.45,463.87,herself,exchanged,2024-02-22 04:40:38,2023-12-07 07:49:50
87,61,need,"Debate special seem relate answer contain arm. Condition consumer enjoy smile.
Yourself really standard. Author cost else quickly represent.",95.95,764.94,off,pending,2024-10-08 04:50:29,2024-06-09 07:08:07
88,78,us,"Between certain several defense ground ever. Art yeah beat.
Executive tough character true cold history bad. Myself discussion sense. Form the second hot nor.",47.27,66.75,fire,pending,2023-11-01 11:12:01,2024-06-08 14:24:47
89,91,thing,"Cup foreign traditional population food Mr position. Spend degree wrong.
She defense none major beat decision floor. Word tree sense real hair serve deep.",66.47,737.88,heavy,available,2024-02-06 00:38:51,2024-09-12 05:31:28
90,80,improve,"Approach evening film easy top. Population evening his not magazine chair save. Factor player sister standard.
Phone success once fine light. Million image best method deal information.",22.18,157.68,young,available,2024-02-03 20:51:54,2024-01-14 11:36:35
91,52,cost,"Away enough power attack respond standard. Trade president air night maybe ever war. Tell goal sport good.
Study situation seek arrive within could employee.",94.9,835.08,deal,exchanged,2024-09-13 08:03:21,2024-08-28 01:56:48
92,78,happen,"Position law true run letter late. Arrive serve course safe after week thought.
Huge water alone many. Country Democrat whom hard. Instead or company international cover. Our since and impact almost.",69.25,597.89,suffer,pending,2023-11-28 19:23:32,2024-03-17 18:00:58
93,83,cause,"Day floor plant. Him analysis father one.
Important artist day nice until. Thus market news seat brother meet.
Only organization look perform. Hear show win blood.",48.42,732.43,director,exchanged,2024-01-31 09:19:34,2023-12-12 21:17:37
94,81,area,Range look war method help. Large a never too debate authority. Weight attack open common black lawyer person knowledge.,46.39,44.5,instead,pending,2024-04-09 20:08:46,2024-10-05 01:30:54
95,93,ball,"Reduce while paper own modern cold. Fine eight if home. Whom or management production.
Above level everybody perform. Defense help condition production get door pass too. Allow popular dog.",99.08,394.27,always,available,2024-06-27 07:58:48,2024-06-18 15:33:11
96,98,effect,Yeah religious price. Off federal treatment often. Participant study pull cost.,11.19,312.87,again,exchanged,2024-07-13 04:24:21,2023-12-15 12:52:12
97,1,certainly,"What officer industry partner. Our without and evidence.
Range above yet perform represent popular. Season several onto way accept gun. Authority own law month official.",49.56,514.48,analysis,available,2024-04-27 00:08:32,2024-04-15 17:39:56
98,2,reason,Amount soldier between white friend color trade focus. Provide may outside expect turn modern theory. Common court few heart just something answer. Position all statement type current.,54.29,615.57,recognize,available,2024-03-25 08:55:33,2024-07-07 21:19:48
99,90,make,Direction and often type turn kind policy. Realize subject hundred board section tax. Together nothing I may include what.,17.58,128.75,summer,exchanged,2024-01-13 15:59:17,2024-06-15 14:55:32
100,63,parent,"Human street whatever you item skill democratic become. Various best office continue hit least attention.
Center direction several billion pass. Establish son meet operation. Past worry choose own.",83.62,604.97,fact,available,2024-07-05 10:50:47,2024-07-23 00:15:18
101,26,five,"Maintain season fish state bad coach. Increase catch boy analysis.
And responsibility decade realize. Old future into.",42.26,382.71,almost,available,2024-09-04 22:33:59,2024-05-06 12:54:39
102,58,about,"Some base every compare something. Apply lawyer seven role meet. Four line claim use.
Artist state expect shake respond fill team. Evening yet story near century.",8.25,6.28,market,pending,2024-01-06 12:41:54,2024-09-07 15:43:35
103,45,drug,"Develop prove can land detail parent. Admit fly beyond open east Mr I. Ten use growth notice.
Determine cost space as board. Son senior admit road.",36.55,473.04,sign,exchanged,2024-05-30 06:09:05,2024-08-05 07:35:23
104,92,worry,"Family very not other four her. East better challenge present it vote.
Today central receive shoulder become determine reflect. Particularly may necessary million use attack start.",95.04,931.9,write,pending,2024-07-11 18:31:47,2024-10-09 21:55:06
105,55,major,"One few determine fact. Source claim ok anyone thank garden. Window hand others go simply partner pay.
Imagine professor most thus reduce claim. Support next someone cold per.",67.89,150.69,discussion,exchanged,2024-04-16 02:19:26,2024-01-06 10:55:46
106,50,response,"Story for serve break. Think scene include determine respond far couple. Improve pressure former ago pretty.
College pull right thing century sport address. Few although trip probably about.",95.61,360.12,fund,available,2024-10-05 04:10:22,2024-03-12 06:27:22
107,4,organization,"Third street region bring quickly. Field particularly laugh them. Institution thing whole a.
System bad relationship table spring manager.",72.09,695.37,stuff,available,2024-06-27 18:52:23,2024-04-28 02:46:55
108,98,deal,Sort foot cut. Answer southern heart break chair debate.,42.37,312.0,important,pending,2023-11-21 17:49:02,2023-11-03 03:14:11
109,49,professional,"Before as however. Owner leader data lawyer important rock us. Performance production voice school bag up agree.
Bar return event position view size. Analysis be life civil.",99.04,129.73,computer,available,2024-01-03 06:09:02,2024-10-07 01:52:49
110,15,month,Officer sense management health contain call. Worry subject create point cup hit perform. Sound large fight able. Democrat early and research.,24.33,674.56,receive,exchanged,2024-10-21 13:34:40,2024-03-29 16:59:51
111,50,society,Check lawyer within system away source. Week ask young skill safe thought. Wear today land child hour as.,99.16,620.7,though,pending,2023-11-20 03:42:04,2024-10-21 13:48:17
112,75,how,"Her my adult meet way middle. Long than significant under man.
Side service yard rich. Key financial last reason economic try. Woman begin perform happy create read institution.",98.46,858.79,name,pending,2024-06-04 05:02:29,2024-01-07 17:13:10
113,54,draw,"Account college reason. Sometimes billion too would population.
Eye require more war action myself teacher. After win check tonight energy quickly mean.",55.74,403.65,fast,pending,2024-10-23 13:53:19,2024-07-09 19:27:27
114,31,agreement,"Bit large three.
World size receive traditional. Military bill there project.
Attention commercial eye early truth new.
Soon north about hear plant.
Professor my for skill capital probably year.",42.65,178.67,follow,pending,2024-02-21 12:07:11,2024-02-02 08:30:16
115,49,already,"Consumer short alone give. President represent ok reflect risk. Account painting meet without particular change.
Approach from health want green the score.",77.63,449.87,seat,exchanged,2024-05-03 06:09:43,2024-06-29 20:37:30
116,58,step,Point staff speak whatever. Environment carry cost six. Woman staff money measure. Kid quite country the.,96.63,57.55,become,pending,2024-07-11 08:23:26,2023-11-01 05:01:30
117,82,important,Box give kid PM huge now. Weight scientist question fund base chair hour yet. Resource beyond establish computer line he happy.,89.1,276.52,hour,available,2024-05-15 10:22:59,2024-03-04 10:47:19
118,60,share,"Very oil include blood song take eye. Stage camera program such minute us opportunity.
Without collection father have color speech. Control window indeed maybe ability threat. Finally small ground.",37.94,761.45,involve,available,2023-12-04 17:38:28,2024-05-30 18:44:00
119,67,eye,School whose son rise. Data leg none majority realize your bed force. Believe future majority draw. Drop agent line every stock maintain.,40.92,590.87,source,pending,2024-09-08 01:57:28,2024-02-22 02:18:11
120,91,item,"Could feeling class must quickly. Explain develop gas call hair finally. Field how buy hot offer agency parent.
Fear medical above. Be service present production former church tell.",57.93,864.66,institution,exchanged,2024-01-06 22:18:22,2024-09-26 21:20:08
121,42,similar,"Join reduce through tonight participant life. Experience contain marriage seem action company relationship cell. Manager measure stay.
Mission agree always. Religious research factor if.",77.42,581.67,deal,exchanged,2024-06-19 17:00:24,2024-04-09 21:57:30
122,52,challenge,"Including room president practice activity rise what. Own mouth director air yes serious.
Day image answer after drive. Far soldier over future north time choice. Growth eye us really eat better her.",30.14,207.53,television,pending,2024-05-17 02:17:15,2024-03-03 22:48:10
123,62,account,"Upon firm indicate clear. Environment kind foreign improve range crime guess. Particular never price share.
Check network ground loss. Mother room that question truth act.",50.22,438.44,fire,pending,2024-05-29 20:05:59,2023-12-09 06:07:27
124,98,next,"City analysis across work any. Collection become his TV behind test product.
With another him happy go stuff drop. Skin third take question lawyer art. Small know bag.",69.94,603.03,common,exchanged,2024-03-12 13:16:30,2023-12-25 21:29:08
125,54,quite,"Decade lawyer step lead break check group. Education police put significant either him candidate.
Discuss suddenly their environmental thank simply white. Long your world surface reveal party.",81.74,742.1,they,exchanged,2023-12-03 06:40:08,2024-04-20 09:22:54
126,79,security,"Fire everything talk. Think all difference. Level the amount member.
Card after former senior today place role box. Happy continue knowledge should watch case always.",64.01,973.59,election,available,2023-11-10 19:39:49,2024-05-26 22:22:17
127,20,capital,"New whatever style contain act. Compare certain nice appear.
Day game ago executive when. To bank ask address show break head. Glass difference debate message.",94.74,511.42,plan,available,2024-04-19 02:28:28,2023-12-09 02:38:46
128,44,culture,"Particularly store right treatment continue.
Line discover quite month first style hard kitchen. Magazine late million bring. Field mind security see six four garden.",94.17,218.91,understand,available,2024-03-24 09:13:54,2024-05-12 00:55:50
129,85,decision,"Low report exactly store. Inside find forget employee recently.
Economy small sense. Focus so shake they hear then month according. Military region fine research as.",81.99,652.81,history,exchanged,2024-02-16 17:21:42,2024-01-31 21:40:13
130,57,character,"Coach those including born force. Industry country our fine arm concern environmental business.
Trial catch join project office. Many become suddenly within plan dark.",15.27,779.22,hour,available,2024-06-10 03:55:10,2023-11-11 17:52:19
131,45,change,"No record by cut still attention. Wind agree lay recently type attorney rich. Center success you find.
Often speech officer special. Animal million deal it positive possible politics act.",64.67,452.17,response,pending,2024-05-19 04:09:54,2024-08-27 08:05:51
132,18,school,"Deal history or medical our develop. Assume somebody beautiful letter. Evidence approach assume.
Worry technology difference body later. Special concern alone.",99.19,648.87,nice,pending,2024-03-06 07:55:22,2023-12-09 10:08:09
133,45,exist,Letter crime sell this reality response others. Congress cell there.,76.41,266.99,young,pending,2023-12-31 01:31:31,2024-07-16 16:49:26
134,30,issue,"Recently body theory. Return prepare if know.
Travel simply cultural force truth our. Body give wait mother also.
Race money seat fall manager most since enjoy. Boy daughter painting.",60.25,855.66,character,exchanged,2024-03-11 00:20:16,2024-05-13 08:10:46
135,100,town,"Improve travel couple apply. Conference instead sort success operation case.
Oil amount ok beat movement. Call leg cut. Account know task visit figure allow.",97.44,406.56,top,available,2024-03-10 15:41:51,2024-08-08 18:40:32
136,79,sing,Admit agent build institution range manage. Bad past without none across.,69.81,826.5,deal,pending,2024-09-02 12:50:07,2024-01-07 13:36:53
137,26,end,"Table officer enough laugh computer site. Never free agency pay.
Born race play sell. Another region five space until yeah run.",25.48,888.42,end,exchanged,2024-04-27 16:00:09,2024-07-12 14:23:52
138,34,main,Fight tree society sell health price. Bed serve performance feel law camera determine. Myself consider produce color.,7.69,532.7,sort,pending,2024-05-28 14:57:55,2023-11-14 15:39:54
139,72,college,"Player whose data program president some. Figure character often me.
May money sound start.
Ahead do finish more father. Garden fill news goal.",42.37,745.03,act,exchanged,2024-10-12 13:09:12,2024-03-21 07:19:32
140,46,economy,"Then author believe east attack growth. Low age social answer eye dinner.
Can such unit agent those away. Hold culture situation. First those quality commercial good policy.",1.5,490.68,half,pending,2024-05-01 15:03:44,2024-02-06 08:41:23
141,45,place,"Local born big try. Near color good television out music. Approach us language across these result mission.
Federal respond politics heart learn word. Special skill conference political.",9.09,577.54,happy,available,2024-01-31 11:23:38,2024-07-15 01:51:09
142,90,take,Small final thing action treat. Respond citizen trouble its pretty believe. Opportunity western now spend. Include produce that life more difficult together.,18.03,556.78,half,pending,2023-11-23 21:42:10,2024-06-29 13:03:26
143,45,everything,"Join friend her. Energy chair somebody country.
Position to often history than.
Media should purpose several note. Sort year science general.",52.03,356.09,big,exchanged,2024-09-30 10:16:43,2024-03-15 01:38:55
144,17,beautiful,Conference require center once. Police trip music paper. Community authority every contain message receive suggest.,1.53,499.07,try,pending,2024-06-03 15:55:50,2024-02-04 22:55:12
145,22,all,Bag commercial trip keep term factor. Expert doctor garden lot prove. New president personal.,51.06,840.37,model,available,2024-04-26 19:11:59,2024-02-10 19:15:36
146,8,hand,"Heart magazine inside garden. Thank hope bar big product.
Do authority PM significant way ever the. Miss information against event member we. Reach program finally candidate.",76.32,555.45,pass,available,2024-05-10 18:35:15,2024-04-14 21:10:17
147,12,available,Action miss as life various score style way. Lawyer building group every they during risk.,77.58,599.25,me,pending,2023-12-26 08:12:03,2023-12-04 22:07:34
148,10,amount,"Force policy forget watch.
Lawyer growth return film manager radio accept stock.
Anything skill open time drive. Born large building term especially computer country.",42.77,699.9,already,pending,2024-04-29 04:07:10,2024-08-06 01:55:34
149,27,appear,"Large figure wonder challenge. Blue whatever degree fund view single. Human determine detail for.
Officer to mention where. All far win safe week mind.",11.86,204.99,health,available,2024-01-13 03:28:39,2024-02-17 06:25:50
150,27,while,Team difficult develop pass gas suggest reduce. Much woman yes relationship job author business. Possible economy young yet stage approach.,68.99,277.32,account,available,2023-12-30 13:07:42,2024-04-28 22:23:02
151,18,play,Painting off song man key candidate. Technology more mother painting. Thought technology health store talk.,68.99,674.29,all,exchanged,2024-03-11 02:53:16,2024-08-22 03:39:05
152,30,size,Discussion knowledge onto adult beyond. His better many major economic baby which minute.,12.66,43.13,appear,exchanged,2024-02-27 10:20:19,2024-07-28 04:58:11
153,55,arrive,"Certainly series red receive. Management approach hear.
Subject doctor capital public room wide first. Woman son not who cost. Unit easy budget others.",1.18,241.91,create,exchanged,2024-03-06 01:52:22,2023-11-18 14:12:34
154,61,anyone,"Several matter few current. Result send manager main expert. Court management stock.
Compare but skill use serious step participant official. Cup measure range give spend service election yeah.",47.98,879.74,ever,pending,2024-02-10 09:51:13,2024-01-23 21:53:43
155,60,television,Respond marriage bill large moment memory million. School energy include fall hotel Mr. Rest argue would light.,70.17,299.49,whatever,pending,2024-09-17 17:39:54,2024-03-08 03:08:31
156,92,talk,"War tell know business. Seem wide interview must husband easy television. Idea cost enough hospital about listen try gun.
Coach loss your address daughter.",39.72,931.07,glass,available,2024-06-07 04:38:13,2024-03-09 09:23:47
157,90,choice,Audience several anything blood early card young left. Stock several often ago activity end. Spend deal high hour capital capital organization explain.,75.43,20.32,toward,available,2024-07-06 22:30:43,2024-08-10 01:01:26
158,100,from,Without college charge edge positive people maintain.,84.73,716.13,growth,available,2024-03-03 08:08:20,2024-08-20 20:35:59
159,35,upon,End seem source difficult trouble. Evening half say strategy. Computer heavy good recent out place account know. Or left place again everything energy partner.,13.41,588.17,especially,available,2024-09-27 14:58:56,2024-08-19 13:01:04
160,45,something,"Stay range coach rule sport big strategy. Piece hand unit somebody outside action.
Provide thousand between contain realize office tax color. Not thank painting form we.",41.62,648.72,create,exchanged,2024-06-14 06:26:04,2024-05-04 23:50:18
161,6,last,"Night condition nearly own. Anything everybody marriage view national. Fill huge reality turn truth.
Team check face. Site coach eat word father manage.",53.82,16.88,treat,exchanged,2023-12-03 08:23:54,2024-07-03 07:39:24
162,8,attention,"Probably too speak tree. Our health run perform all.
Society far front part enough. Human cut security mention.",77.5,662.33,establish,available,2024-05-08 02:05:10,2023-11-21 16:39:07
163,13,someone,"Policy area success. Away state than blood. Country number get thought determine.
Although student whom nor which blue. Account use animal avoid watch total staff. Measure away activity.",6.72,994.88,good,exchanged,2024-05-30 10:41:11,2024-02-26 12:16:47
164,84,poor,"Section peace stage away TV dinner above. Marriage leg play woman bad. Deep thousand movie seat.
Think medical rest. Fight often cover rich range continue at.",33.79,648.46,major,available,2024-02-07 09:55:29,2024-05-05 03:23:08
165,77,career,"State religious if federal for until likely. Serious simply worker majority election.
Since figure how game fear. Turn home history production mean stage. Cold relate your major site support.",18.24,569.63,forget,pending,2024-01-30 08:09:00,2024-02-21 01:08:42
166,85,couple,Way point cup clearly television language us. Reduce early nature particularly newspaper talk. Garden remain firm kitchen college lawyer.,50.82,405.95,hospital,available,2024-08-01 03:22:29,2024-03-14 17:40:19
167,5,positive,"Form station coach note five hand. Enough dinner show player able.
Whatever once ok station.
Baby tend great adult. People job dream likely buy. Fish this today fall forward late.",73.88,126.33,answer,pending,2024-06-20 21:01:57,2024-05-13 13:00:11
168,26,five,"To short cold. Than century oil which with. Song compare role computer allow business make.
Lay true herself break. Current hot sport bill computer air fill.",86.41,143.16,firm,pending,2024-09-03 04:53:53,2024-01-28 07:06:17
169,32,catch,"Drug everyone agreement with laugh. Improve its marriage cut tree material.
Analysis political pick tax fight name return.",13.31,943.66,close,available,2023-12-20 08:16:57,2023-12-20 10:36:38
170,15,officer,"Player check recent send only. Hard suffer leave foot send really sort.
Dinner your yourself prove trial project. Also other total assume with job last both.",57.26,701.21,keep,pending,2024-07-27 01:01:25,2024-07-12 12:01:29
171,15,ask,Woman impact listen purpose improve throughout feel sort. Seven policy place approach.,43.56,8.66,itself,exchanged,2024-02-08 14:19:03,2024-02-06 13:45:54
172,84,song,"Talk fine official agency anything. Beyond professor hot cup performance. Reduce leg peace player.
Effort remain here will who always white. Paper blood save door.",98.51,726.6,attack,available,2024-05-19 15:22:50,2024-03-24 09:16:51
173,49,around,Well offer design find country indicate. Republican feel play follow summer brother entire. Determine treatment group note. Moment win soon before east consider office.,93.77,358.82,election,pending,2024-09-20 19:06:52,2024-01-23 18:09:21
174,87,get,"Can either several will finish.
Summer number difference decide me job just. Network speak agency along however voice. Decision cup parent loss thus.",38.07,798.49,difficult,pending,2024-07-12 08:03:56,2024-01-31 07:21:03
175,40,itself,"Like respond class listen. I piece walk quickly daughter anyone scene.
Rate accept school lot crime continue carry. Form open environmental human next.",85.57,969.45,trade,pending,2023-11-05 20:20:46,2024-01-15 10:13:13
176,57,mind,"Above kitchen level rise example.
Usually because institution music financial your discuss window. Author such education political represent message lot. Article standard within morning leader dream.",42.98,669.93,college,available,2024-05-01 08:29:09,2024-06-06 10:06:03
177,15,situation,"Big wear international expert agree. Space put ahead throw voice design.
Low other less challenge she night local. Brother card evidence religious my camera individual. Visit citizen forget in.",80.47,355.68,major,pending,2024-07-24 19:32:22,2024-04-12 10:22:33
178,97,already,"Design watch include what some. You gun computer successful new.
Right up perhaps never charge state method country. Result try fish crime blue.",33.65,161.39,trade,available,2024-04-30 06:31:33,2024-08-11 12:44:25
179,52,easy,"Place job it occur card remain street. Large single great factor but.
Consider wear bed especially. Stop democratic I stock road who. Care child above relationship those choose.",44.9,198.37,anyone,pending,2024-07-25 09:36:00,2024-05-22 13:50:47
180,82,series,"Argue bank will task. Difference look contain high. Simple seek tend agent even.
Clear wait sit. Throw daughter structure resource.",19.54,567.8,fall,exchanged,2024-04-20 02:42:00,2024-01-14 19:10:46
181,62,member,"Throughout decision color should however. Necessary establish fill quite magazine idea cup feel.
Weight four them voice dark down. Must way analysis personal knowledge word win.",61.24,260.51,hear,pending,2024-10-04 04:55:25,2024-07-26 21:32:28
182,88,effort,"Become someone where language instead seat pass itself. Air star guess laugh tough common affect. At middle Mr up.
Scene present husband bring. Peace majority benefit federal themselves modern.",68.41,339.77,budget,exchanged,2024-03-06 21:44:08,2023-12-14 15:39:34
183,82,structure,"On world college minute table political. Deal suggest tree stage tax place nothing yet.
Company hard oil water happy. Young sister finally.",38.41,890.63,everything,available,2024-02-10 23:21:12,2023-11-26 21:30:24
184,47,generation,"Carry research yes herself government answer nothing. Once policy kitchen prove.
Although try then father adult own. Alone front million magazine sense.",53.6,735.4,field,available,2024-02-05 08:24:36,2024-01-03 20:37:50
185,84,agency,Seem picture truth kind. Need happy use own key instead wear race.,78.42,686.87,future,available,2024-03-12 04:45:45,2024-09-04 04:34:49
186,68,assume,"Quality close quality too.
Plant number take authority TV question. Sister operation fine kind. Man such focus carry become.",76.49,648.11,free,available,2024-05-25 05:43:42,2024-07-16 20:21:31
187,3,month,Crime politics win again score. Him poor teacher shoulder it magazine its. Inside certain soon increase everyone.,64.62,100.2,its,pending,2024-07-18 14:52:57,2024-02-28 18:21:50
188,69,improve,"Cold public vote whether share physical opportunity. Congress suffer create add model most.
Condition success coach note evidence turn season serve. Attack together head forget.",31.8,153.96,action,pending,2024-08-28 20:21:44,2024-05-25 02:35:38
189,96,should,"Writer base peace teacher support difference. Expect short matter whatever north continue matter. Collection best gun cultural debate better.
In condition right seem.",42.67,72.06,new,exchanged,2024-03-27 22:03:39,2024-06-25 21:42:50
190,21,better,Provide serve people recently spring fear put product. Clear agent protect look. Bank suggest center new listen Congress. Water bill professional few your.,84.22,322.84,hour,pending,2024-05-11 09:59:54,2024-09-14 05:14:16
191,62,soldier,"Challenge information fast according quality. Smile consumer air market sell. Mention radio certain none themselves your.
The evidence product now. Where challenge detail pressure develop those.",50.57,649.06,wait,pending,2024-05-01 12:49:03,2024-03-21 15:57:01
192,76,us,"Phone oil other compare oil. Together whose song.
President instead thought. High network happy car who company fund. Father member tend use money. Court know along with reality hot consider.",39.99,862.89,health,pending,2023-12-04 13:11:46,2024-07-22 18:55:13
193,56,structure,"Field stock sister establish fast imagine boy. Probably defense cup skin.
Bit likely ten agency exist strategy. His whatever plan develop knowledge.",88.58,291.27,fight,available,2024-10-18 22:13:15,2023-11-08 18:50:00
194,72,country,"Memory citizen school cold wonder behind. Sort hair follow end hear federal.
Article here determine describe computer. Knowledge leave rise share.",13.07,32.27,on,available,2024-05-09 12:02:04,2024-05-18 04:41:16
195,33,former,"Modern gun pressure usually generation when suggest majority. Environment memory best then. Lead feeling system within half people stock.
Enter station human house. Fine minute than we experience.",7.71,89.15,through,exchanged,2024-01-10 19:42:11,2024-07-20 14:03:40
196,35,subject,"Which type whole skin last budget raise. Fine he both. Section onto PM hundred view.
Support religious memory above best commercial thus. Situation couple unit series action.",21.31,648.82,four,pending,2024-08-23 11:40:44,2024-06-11 02:09:49
197,88,language,"Cost thank kid page reflect attorney continue south. Window tax challenge.
Smile ever hope seek claim poor already. Law election response general beautiful arm here.",18.94,59.4,sort,exchanged,2024-10-12 11:49:00,2024-06-02 06:34:53
198,13,available,Power drop head letter hour key. Activity down minute resource fall. Reason shake style anything. Country program would court situation music.,3.89,609.33,star,exchanged,2024-08-04 00:50:44,2024-05-02 19:52:32
199,18,computer,"Son sit drive none final sea. Even go heavy must image guy experience. Attention type specific writer apply.
Method body write training rest. Population military politics this describe minute.",5.38,84.83,after,available,2024-03-06 17:57:58,2024-05-30 23:49:06
200,89,decade,"Pattern produce thank. Body board bit together visit. Realize but majority important claim less.
Send system song attack fish we teach. Audience meeting few during wide benefit national.",6.87,553.09,lose,available,2024-06-01 04:44:10,2024-02-21 05:34:37
