1,craigperkins,01491deb4b7523df25342fa8e72c169439f213bad34f3ccea7b38af124971e95,pkirby@example.net,697-551-8218x97,"78021 Rita Rapid
New Angelafurt, MH 61242",2024-03-17 10:56:41,deleted
2,sarah40,de363478d61bb5c82a7641ddd57d37d3c5aefab9ba2a95c3656eafaaf5c18725,matthewdunlap@example.org,663-877-2467x15,"35271 Anna Wall
Donnamouth, MN 93777",2024-02-19 13:49:04,suspended
3,yboyd,61837755a1e49e93eb1e2638a5761c824b345e571c1bca64f7f7d846c223d1f6,nmorris@example.org,+1-446-230-2392,"65018 Mary Shoal
Johnchester, VI 09175",2024-04-19 09:01:49,deleted
4,anthonygarcia,54d080b61fbf9d78a928d1e96e827db651ec6040797bc402b1059dee0ac456a9,ochoadavid@example.net,001-532-372-420,"715 Phillips Key
West Kathrynshire, NY 59409",2024-08-02 14:02:42,deleted
5,robertagreen,83e48255100052b99b0a7af75461fd6ae23919640bb910db1fd683e2de1bb61d,zbailey@example.net,001-823-305-467,"37035 Melissa Fork Apt. 805
Eatonmouth, AS 81543",2024-06-08 06:48:20,active
6,williamsamber,2422fcaee8786a75f97ca517531e24ac4fc183098b78a44d56177bce2e8a7812,michelle85@example.net,7222487114,"7703 Richardson Burg
Derrickland, PW 45540",2023-12-27 07:39:49,active
7,ernest42,13812366d2e01f64cc5deec7dba731b9f6e22f0eec7df02dc86ec3db2d79943f,davidadams@example.net,253.993.9592,"2790 Timothy Rue Suite 398
Port Mary, TX 23124",2024-03-23 21:06:05,deleted
8,daniel78,67eb6a8c54c569fc9bb1190e488f1bfe06ae114cc62ed620f59a88c610c8d674,lindseymercedes@example.org,+1-631-952-5951,"1189 Amy Expressway
North Joshua, NJ 37577",2024-07-27 16:49:01,deleted
9,devans,37b29dbd136b1aae0eade2079214c9b2d8b98158221d3ad0ad26973331c65cc7,josephflores@example.com,+1-621-401-2073,"25409 Sanchez Mountain
Lake Perryhaven, PW 85387",2024-05-24 03:37:39,active
10,clarkbrandon,4fb8164b80dddd5a38d499fa448a9721d7753f9cb480370950674c28e7372043,acostajeffrey@example.org,001-849-944-841,"694 Zimmerman Summit Apt. 977
Guerrafurt, TX 21043",2024-08-17 15:27:51,deleted
11,crystal63,57196db0f3501871806a127affe41a3334eb71bbd0dd20cf210e84362bb7f74b,iking@example.com,+1-548-948-2996,"4724 Todd Stream Suite 056
New Robert, ND 73227",2024-07-11 06:34:04,deleted
12,dwright,3986a9cd2bf8906806d6a65497f94df6f29b5e01b61eac960c9646ace0a338bc,michellebradley@example.net,(850)509-0493x3,"6967 Trujillo Summit Apt. 586
West Jacobport, NJ 17432",2024-02-19 10:43:54,active
13,buckleystephen,0af0ba62100c335cbaf6103cf49313e1040a29d371b024b54ddf84fd60d6084e,jenniferhubbard@example.net,+1-256-348-7316,"3744 Michael River Suite 117
Proctorborough, IN 03251",2024-04-10 02:17:58,deleted
14,wrightkeith,e25005c58a4940149b11be290e68a8eb6e564139d05d250e27b01374a967cc2b,timothyallen@example.com,001-211-748-927,"11326 Anderson Radial Apt. 640
Kaufmanborough, GU 71508",2024-02-04 08:23:42,deleted
15,jonesrichard,9768bfd06419d2ab0401da70a937535510235fa718f2310cd75ad68f5347a0cf,shannonjohnson@example.org,492.629.0263x46,"Unit 4735 Box 6337
DPO AP 08062",2024-02-19 05:38:42,deleted
16,brownpatricia,83fa90a3c8ad6f77df50e32e26076e87132b5f2a8c45081a984f67cff44b29d2,emilymurphy@example.com,909.937.3389,"9899 Wood Crossroad
Port Craigland, ND 01743",2024-08-17 04:49:13,active
17,keith74,bda35bd1edaadd6726613d82a7b054aafa00d7ff137a8be02bbaf751dbabf604,wrightlisa@example.org,(279)802-6503x5,"76792 Michael Circles Apt. 415
Port Kimberly, ID 13392",2024-01-01 05:50:15,suspended
18,petersenemily,37ac2ca334acf092d9aceb18293e955172d018ab1ecbc95ee491d2ec93b5722d,camposjessica@example.net,987.963.9078x36,"USCGC Carter
FPO AE 05766",2023-11-18 14:47:21,deleted
19,gwright,f5f88d5b4629a9eba0fb7980d9abc4c78df7a3d53301a17ccdaa1069aa4ce0d9,nicolekhan@example.com,+1-635-668-1214,"55209 Bass Loaf Suite 815
Keithton, TN 90348",2024-07-17 21:53:15,active
20,kcabrera,64fa67bf3f7949b310ebf6c17b36ebb066fe5a56b19525adaab4dcc93cefa9af,fvargas@example.com,(333)911-7500x8,"0188 Melissa Ridges Apt. 839
Port Daniellefurt, WA 17290",2024-06-24 00:44:26,deleted
21,ikelly,372d0bd8221c24c5407e8889460afa9db7e2698281137a15798746f30a64ef10,hperez@example.com,+1-265-544-2676,"7939 Dennis Forges Suite 387
Vazquezshire, TX 77860",2024-01-20 19:56:28,active
22,millermatthew,a74d1148a0ea1facd721b587e1cdb69173495737d3a26f5a50048bd981049b3f,tschneider@example.com,771-654-0977,"40320 Henderson Inlet
Gabrielmouth, AK 29056",2024-09-06 13:27:06,active
23,donnagreen,396574468ddbc218d8b137f0ff083e67645a7b6236bd768c6d704631d0e15d04,jacksonjudith@example.com,349.723.8048,"01873 Jerry Path
North Marthabury, MP 61132",2024-02-01 21:21:40,active
24,imontoya,8f2bbd204615e1037b86f4cf90c2f09dcc5da79c0987a4b20cb8aeacdf4ad9c7,morenovictoria@example.org,658.372.2637x90,"Unit 4544 Box 2127
DPO AE 10522",2024-09-17 08:41:27,suspended
25,iking,d695a07c496a10f91b187188971c5a077c4d5f93d80f37fb92152c27df20c28c,pollardmark@example.org,(339)720-5285x3,"5007 Michael Knolls Apt. 460
Grossshire, MH 85728",2024-07-02 03:44:47,active
26,rachel60,2a599afd740b936aeaf02a67f6266ce6531c129d3ff7a391813b3603efdb15fd,sara77@example.net,001-375-858-969,"180 Walker Crossing Suite 098
Port Andrewmouth, WV 38142",2024-04-08 19:19:10,suspended
27,gsalas,c2ac04cae8e8c529ad713231d44aa855aa7cc94e9a11b9e96b741ae0d9e70712,debbiehunter@example.com,923-806-1836x89,"USNS Francis
FPO AA 27815",2023-11-13 09:55:58,suspended
28,mfrost,8edd7eb4a31c5640ded5f673e9b48622023c8b7f2e8a348c13c96083b10f37a9,christina62@example.com,+1-320-392-7756,"83661 Hayes Harbors
West Nicholasmouth, NM 69888",2024-07-01 18:05:06,deleted
29,alexandra93,c2345fe344af97d93cc56ed4f646e5e0c1a88f303837bc115167d0e4ea0cec68,gerald26@example.net,001-663-840-540,"Unit 2431 Box 0772
DPO AA 84156",2024-05-22 15:43:59,suspended
30,gharris,b3ce116ce077800e975d45bf8678ec5d1cc575fa2438168d909802d91da8d389,umitchell@example.org,001-475-352-648,"11069 Woods Coves Suite 772
Perryland, MS 41718",2024-04-30 16:01:49,active
31,veronicapadilla,52ddee07ad1e5395e666b51b46efece4b5cbc711d27d25d4667c1589bf3e5495,operry@example.net,(458)798-5125,"Unit 0687 Box 7989
DPO AA 11984",2024-01-26 17:39:54,deleted
32,powellfelicia,2b8add76d4702dc11a96996217cb57c0c8c5f469353e8be1def9d8b65c2ad53e,trujillogabriel@example.net,001-813-838-958,"3286 Robert Hills Suite 744
Brettville, VA 97476",2024-02-24 13:57:28,suspended
33,schneiderthomas,2c00d84b02a869f6d21dd064f53c3e7133bcdb461fc71cf9aa52540f12af9a49,rebeccafritz@example.net,895.492.7124x55,"3498 Alexandria Trace
Cherylstad, NM 01581",2024-04-20 19:23:15,deleted
34,johnperry,f08735553af4261528654b24feaec0a86c7d83c73ffdc33fca44bbacd00f2e45,carpenterdavid@example.net,7676540516,"63698 Andrew Isle
Colemanfurt, NM 62948",2023-11-03 09:30:26,suspended
35,rscott,9d423a431aab5de23392a8a9cca6c1da6653dd732e34e4824076c8edf0ebfdee,fallen@example.com,+1-551-975-1959,"384 Ashley Parkway
Hillberg, TX 56123",2024-01-22 15:16:30,active
36,cindysmith,043f774b730114f3959d838db7a30438757206bd6e1e8d550266aa203c238325,norman89@example.org,+1-667-604-5081,"2517 Francisco Gateway
West Davidside, VI 45800",2024-03-30 10:50:36,active
37,xwaters,fbc1b6fa9346d0f4b0eb425539c67e24f4319db7f41cd7235876a4e9b2ff5b79,agonzalez@example.org,641.329.5856x97,"106 White Run Suite 338
Alyssabury, IL 36218",2024-01-02 04:04:10,suspended
38,underwoodalyssa,dfcbad18deb4638eac0c3c029e7f763ce65034077956c253f28237c3d3c89f42,kellywilkinson@example.com,(677)247-9857,"Unit 3708 Box 1702
DPO AA 59607",2024-01-05 17:06:11,deleted
39,gkelly,87e673dfea7121042b7869d8bd7d3afb6edc63e72cb60ae85aac8e86d80db5a3,wmitchell@example.com,001-409-305-816,"6458 Lewis Port
Briannaview, NJ 20584",2024-03-19 03:07:46,deleted
40,travis98,db4e80b0a5878a548da872cfe82257127cb32bb89cd4b9172893acc1734c6bea,dillon47@example.com,(942)204-4214x5,"4147 Roger Unions Suite 645
Anthonyfort, NH 53640",2024-07-31 20:29:13,active
41,aaronbell,4f59ffd6b16f5a058257425c653ad836657f4dce6b91ab4e6d5166b3d755cacc,travisfrederick@example.com,+1-476-478-1609,"Unit 7668 Box 4196
DPO AA 31782",2024-04-15 05:24:43,deleted
42,ramirezjustin,a7d6fc8bb479659d9f32d8baab1fa848f931663b8bd86392dc6ac5b37a73d2f7,nwelch@example.com,5559748893,"327 Mays Forges Apt. 831
East Alex, AZ 01366",2024-10-16 08:06:23,suspended
43,qlozano,0df5d48974b440b6f5cc0fc32b872a8e218b6609da215452126101bc98197323,ewalker@example.org,874.443.3979x26,"790 Nichols Flat
Fletcherbury, TX 81289",2023-12-08 14:02:20,suspended
44,taraharris,1c890121fc8c7ec59eb17fbca63bdaf4769a0bcd6a9bdd0afe87b4c2f6f7c96b,mwilson@example.net,396-645-3321x96,"537 Lopez Pike Suite 724
Maciaston, NY 12321",2023-12-18 15:35:59,deleted
45,iroberts,d1cd68a27dfbf2462f6b4591584e4c3fc6248ee57657d29caebfdf9426567d41,yolanda96@example.org,343.963.1067,"7704 Stewart Dam
Bruceborough, SC 86189",2024-08-15 12:16:21,deleted
46,sarahchung,8b3c562b2fdbefc389a84b6eba86fcf1550f7ea378ac472937ad556c34bd8b2e,annette14@example.net,524.436.3500,"0894 Karen Path Apt. 236
Lauriechester, NJ 10735",2024-08-07 16:14:43,deleted
47,torrestina,53e029a600fb1d5ebe0d9c8d8eec75bfc42da6f42398ae5ff990e5248a78cc52,owensnancy@example.org,488.313.9064,"39939 James Valleys Apt. 179
Heatherhaven, IN 06806",2024-05-06 22:30:54,deleted
48,faithspencer,a14e1cfc4dc4569c123be47284a2ac7cd9772236b90ee901a39bd461a57b1986,pjones@example.com,335.518.2767,"USCGC Gray
FPO AE 42104",2024-08-15 01:18:09,active
49,jack60,e075740c635384df359d6874d151ed32a7f43c54fae11c72a070b76652542e3c,josephprince@example.org,700.548.5640x37,"2387 Higgins Center Apt. 951
North Gregory, FM 63709",2024-02-03 01:42:38,suspended
50,julieharrison,20ab37e310d2a25eb4c192d41d6b57a65d7ee5e99f665ae7c96d314932c6b616,wdeleon@example.net,(881)781-1280x4,"82360 Molina Branch Apt. 793
West David, GU 49985",2024-01-04 03:00:36,active
51,wmeyer,ed35eed03ec944eb5f0053dd5f1fa9a0c158341f95cb5d4f1f934dcf36474a8e,leejessica@example.org,(383)943-6115x9,"32162 Novak Hollow Apt. 875
Port Kathleenhaven, TN 21658",2024-01-01 16:43:02,deleted
52,jarvisbrooke,27cc6e90930fb9750eeb60100d3db861246ab8f8533f367e08a3ef49324ebbcd,mary18@example.net,+1-959-733-0006,"50749 Julie Passage
Port Randyland, FM 59206",2024-02-20 15:45:00,active
53,melissalopez,e0ea8f870527e1ed1729d173b02d59e57891aacf6c312153c69b71f4b1e81d6d,edwardsanthony@example.net,(722)811-7604,"5706 White Prairie Apt. 107
East Jenniferport, WI 98798",2024-05-31 13:58:56,suspended
54,joseph35,398adf61198c01f28ef16197d5f26dabf677f1e24f6116fe65d4e49530a86b9d,dnash@example.net,+1-329-838-0091,"61740 Miranda Track
Amyview, CO 04637",2024-09-07 20:03:23,deleted
55,edwardscolleen,b1e70ab82c20aad5a58f6f9e9f3b7e25722fe7703c923e74af586c910f05e94c,dennisroth@example.com,8957736765,"19552 Tanner Fort
East Tammy, NH 31496",2024-06-01 01:32:05,deleted
56,rossjohn,a674c1673eb6da673aac42c202b11f867a330eb4763e75202e18b3efc5260905,alexandra06@example.com,001-787-277-108,"71132 Callahan Roads Suite 512
Rayburgh, RI 58552",2023-11-14 14:24:02,active
57,uritter,b2473e6a4854a63e63a45968d8c35c8686ddd582a4f265112c85793075902282,astephens@example.com,+1-914-211-4991,"4693 Rhodes Summit
Port Michellebury, VI 52577",2024-04-06 19:22:29,suspended
58,wilsonamanda,add3ee81eccf35153fe3a5533a76ce0fa6ac4ecbf88d4ebd86552e14a5deee78,sandra57@example.com,001-874-346-215,"889 Jones Skyway
Port Jenniferchester, NH 05349",2024-08-27 13:56:37,suspended
59,swilliams,a1fcf5a263755390670e2918572b93ca8692474eb82acf6773d8e42b35418d95,ronnierodriguez@example.org,001-332-432-000,"111 Sandoval Drives Suite 879
New Jonathonmouth, SD 82032",2024-05-15 08:53:07,deleted
60,cmartinez,9ca98ad0104c1d1937754467b49d11a586de36fdd2a5437388dc0fa118902fd8,perezdiana@example.net,749-323-1445x85,"Unit 7333 Box 6604
DPO AA 38653",2024-07-22 08:39:27,deleted
61,nle,1a1eef61c77707a4eb3a9582527e7e33d5dadcf681bf01b98c8f1d706820fb49,kristinbradley@example.org,001-831-562-120,"773 Lopez Route
New Jameston, AS 44856",2024-04-05 21:58:42,deleted
62,wmiller,54417b375e81fdb76d6d2f25817e30dc41a6730aee9f1cb1d58f1abe72a55c8d,raysusan@example.net,001-603-435-570,"56353 Wilson Dam
North Martin, PA 46106",2023-11-30 16:28:21,deleted
63,danielle81,fd9711ece766e7f2e747cc801dd85bee3951816f4729e0e98c7310f6405aeec9,johnsonjerry@example.org,001-791-595-161,"875 William Divide
Solomonfurt, IL 69210",2023-11-07 05:10:43,active
64,xryan,2ac3fec1d71fe2a30c2999578341a6b6122956324b6e75aa62576c6d9e61db74,andres33@example.com,869-319-5509,"5966 Ashley Isle Suite 536
New Andreburgh, HI 66646",2024-07-27 15:15:46,deleted
65,barbara29,de9963d86728152a31860e665631d54897fadb444318a9ba01a64f4fb3dcd051,iobrien@example.net,+1-774-749-3020,"5233 Donald Coves Suite 174
Stanleymouth, CO 38572",2024-09-15 00:38:06,suspended
66,hendersonmarvin,980e320dceb9c2fbc296a2d10e17f24216505b69c7de9a39cbadd0a17bedebec,jacob86@example.net,+1-783-490-2184,"4699 Gay Mill
East Danielfort, NJ 43876",2024-09-18 13:13:17,active
67,solomonshelley,b1e8705dd941b0e364df1ffe3212d3732e42317851428b62383e76b9515aadad,zrodriguez@example.com,618-911-5321x55,"89952 Flores Ports Suite 136
Ricemouth, DC 70791",2024-01-22 11:57:55,deleted
68,atorres,fa1a1fcb0ce8dc7055e224361f813be353972d26b20c7ffa3ffc4ad8fba01acb,jack29@example.net,001-519-702-149,"246 Mays Curve
Wardstad, NE 94717",2024-08-03 05:11:36,suspended
69,william32,66e3f99d53e8b7190a41ce5efc63902f5ab54094a8c6751f6f8de2714093c490,yhernandez@example.net,753.733.8418,"84969 Scott Meadows Apt. 114
West Jeffrey, NM 80058",2024-06-22 03:22:17,active
70,brooksgregory,3f379af98f6d7a6154f70d0b89df3754341068d3b93075e41835ff7caa874e2a,jeffreyshaw@example.org,760-762-8898x21,"8801 Jordan View Apt. 475
Lindseyside, LA 78991",2023-12-06 22:16:43,deleted
71,melissa31,0cacac250cda3e45c4b1c2995e868ef8f5fb8040998465c1e646c1a999eb0f0e,kenneth61@example.com,+1-300-671-9485,"35499 Poole Port
Port Frankfurt, CT 96632",2024-05-28 12:35:29,active
72,olivia20,e01495d01ae602fe38f58dd9b243788f78367401173e4914f5328af7fd11580e,victoria95@example.net,001-858-976-421,"072 Alexis Knoll
Port Marieside, PR 86314",2024-03-26 19:25:06,deleted
73,sbuchanan,d8b3d6696902777acdd2b864064ab95852507537c4ac519790b92ca6fcfde351,rachel70@example.net,(211)628-5259x5,"9511 Carlson Hollow Apt. 535
North Tyler, SD 10228",2024-01-22 23:58:15,active
74,richardmoreno,576e3ec1eee3afe98ca49363d12d0b43f6ab175006912132021ed827ccd32f61,williamsvanessa@example.net,+1-626-850-8562,"061 Murphy Route Suite 552
South Justinport, ID 97523",2024-06-28 17:50:22,suspended
75,wboyle,13cb03577acb7b5e10de8290cc19fb630498b623b653353081cfdaa58e6f3e36,justin30@example.org,001-865-279-591,"4632 Steven Parkways Apt. 767
North Roger, AS 16911",2023-12-18 05:52:38,deleted
76,cfoley,202b45f7a4be4db2bf2fed5b30decdbedd8fd32b72b66d27895c664fbadeeb49,jamesburton@example.org,818-839-3033,"697 David Circle Suite 934
South Elizabeth, ME 44669",2024-04-21 01:16:11,active
77,palmerbrittany,4cf3f7631151c8470caf41f6fa25540740f889182e314b577e1c2c22a468f987,sierracordova@example.com,(439)853-4968,"39393 Roger Spurs Apt. 593
Stoneview, AS 18161",2023-12-15 16:48:31,deleted
78,jasminemartin,26241d16f1b02b32a7a179eb377949b70494f41d83b58ca2f5d654b96ff5b4b8,ronaldcopeland@example.net,(744)527-8627x5,"19996 Scott Bridge Apt. 424
Lake Carolborough, CA 22196",2024-04-28 05:20:47,deleted
79,deborahsnyder,a1d2c867776a5145f03257d918e785cc9de8943a6b2635e7f5096beb6cfad56d,combsjulie@example.net,(476)487-9781,"44958 Becker Prairie
West Kristentown, WA 40913",2023-12-24 17:31:46,active
80,david24,73923a14cadd11c8d99daf99f95ccba3c8d9bfad6962c35967e3eb59605311ee,jhowell@example.org,243-347-9151x36,"47966 Joseph Summit
Wadeland, TX 59188",2023-11-28 16:05:54,active
81,ryan12,b146d88da6dbeca65e052dfeecbd7e49732d22c19ef9f831be2dc81e16e22a42,canderson@example.net,+1-749-308-1736,"991 Patricia Fork
Hudsonmouth, CT 14453",2024-06-02 04:51:18,active
82,megan89,8fc95fa6617ad17e5538535719e70236cdc3b80d6e463add9ba00bc038c00a59,pevans@example.com,358.471.8876x98,"PSC 4978, Box 9806
APO AE 68875",2024-10-26 16:23:46,suspended
83,mccoythomas,c84eb75d4a782de4802c25ef69c11209fcb6aaf3d9f0143c98f25e6a672dfd57,pcox@example.org,744-242-3530,"944 Crystal Ridge
Durhamfort, ID 15943",2024-05-17 02:25:09,suspended
84,kimberly58,b41e223e26134fe040805d453e6ccf1de21fd7e7364a7c390139a81910e01a57,jerry65@example.org,514-731-7291,"838 Wilson Canyon
East Alexis, WA 08945",2024-09-05 02:12:09,deleted
85,sanchezmary,d985ba68e5b2646a2066b48667005a13ed436ed949d4ca39c5f5fb067080e634,scott58@example.org,(373)694-3444,"0694 Kevin Canyon
New Jon, OK 65712",2024-10-19 03:42:48,deleted
86,adam15,fc506fae4c86fe9f311e9e223d9fdc6f30d71e2fe219e2aa0263cd876ec3e4ad,bhernandez@example.com,001-859-587-949,"889 Conway Forks Suite 556
South Jasonport, DE 80848",2024-10-23 04:49:04,active
87,randallho,9d184846b9761ecbeb625aaf6fb5b81807a0287b7892c2945bf581b42e290e66,ernest71@example.com,525-978-1617x48,"397 Santos Ridges Suite 106
South Michaelport, DE 40017",2024-05-03 06:08:21,suspended
88,anthonyjensen,51887f07d36815ddb388206361f1fcc52fcf0c8c78ab2fcd21c9edb83e076575,acook@example.org,001-750-216-877,"6052 Justin Stream Suite 420
Codychester, IL 72358",2024-09-13 20:49:58,suspended
89,susanroberts,17d4fdd25f86ff4ce5ff6e4686dbb7cf491b6e6b9d18c2efc66fb4d601852b83,dcarroll@example.org,(504)422-4309,"64640 Sheila Row
Brownbury, MS 53425",2024-06-22 17:19:10,deleted
90,steve38,8acb86f274ee74b401c55bf1c7e0c4f9ba7cfed1f9c15f0a1724a500bf3aabbf,bkeller@example.com,(246)652-4056x6,"458 Conner Forge Suite 813
Kevintown, UT 36797",2023-11-17 23:35:25,active
91,lisacox,476e02ed1ac11f73a2ac0778905a816ef1db30e9580b4a3bc283c6d1503224b7,jharrison@example.org,(718)683-3226x1,"Unit 6899 Box 4183
DPO AA 34058",2024-03-09 02:33:19,deleted
92,rebekah65,b35d2aece89b093200033604afdc55f1204384883c2b8fcdc92e90992d42ef83,hortontyler@example.net,001-765-222-210,"Unit 0075 Box 5792
DPO AP 13834",2024-06-27 09:24:12,suspended
93,raymondedwards,d6c69b08fdc588e911eb3a803171aa1ed8cf446e2c40b17a4a5a269779e3849b,katherinerobinson@example.net,001-822-387-876,"056 Murray Crossroad
Oliverfort, AR 01707",2023-12-31 15:18:28,deleted
94,danielskathy,95e7bdf68a70242ecd0acc74853a8ceea52f7e2f5e56fd580a1d0a738eb7a0c8,david92@example.org,811-393-6571x58,"943 Murphy Drive Apt. 366
East Jessica, NE 59238",2024-02-17 00:19:39,suspended
95,qfernandez,e229282f045ecad3006ab516bef4eec949eec496fe38e5545957e2d7235ae3bd,slittle@example.com,369-453-4196x26,"PSC 8325, Box 8043
APO AE 95130",2023-11-09 11:06:37,deleted
96,amber80,0937dea3a05cd48ab484ccd2beebf82383fcc7db71e5713d13f92a4685cfed95,wdixon@example.net,739-210-6890x55,"84324 April Inlet Apt. 686
Lake Robertland, NY 70524",2024-03-12 15:05:10,active
97,salasjennifer,d43dc64d738029ffb2f520deb0252a353818cc8ae7224f3c25cc2cfe65e5ecd3,ybutler@example.org,904.988.6783x58,"022 Boyer Meadow
Taraville, MP 74184",2024-09-09 12:43:16,deleted
98,qwilliams,7b6afd053faa7517368f77f42e44b341d7398b22e9d978580195f1144f76b670,mooreaaron@example.org,753.509.8380,"3234 Spencer Crescent Apt. 283
Davehaven, IA 58827",2023-11-27 16:12:25,suspended
99,amoran,4c8abe6eb28df518fe40d14875bf21bdb1ebd21b749b5f97be5a4f962f6568d5,brandon62@example.org,001-971-220-706,"42941 Christina Summit
East Scott, WA 76757",2024-06-28 00:17:30,active
100,pmorgan,4eb6682cfa37301c8c8b79faa0e47058c5da5f7edcb548dbeb2fdb283e97da1c,wochoa@example.com,447-673-9995,"6393 Caitlin Coves Apt. 161
Mitchellside, HI 39479",2024-09-02 19:44:08,deleted
