1,340,sent_E,2024-10-15 09:33:31
2,261,completed,2024-08-22 10:01:06
3,656,failed,2024-05-30 10:01:42
4,201,sent_P,2024-01-09 22:34:01
5,126,sent_E,2023-12-11 21:22:51
6,918,completed,2024-01-17 13:45:54
7,931,sent_E,2024-07-16 13:13:09
8,374,completed,2024-03-17 15:06:31
9,585,completed,2024-05-15 04:56:06
10,173,verified,2024-10-28 03:51:58
11,67,initiated,2024-07-14 16:33:09
12,542,sent_P,2023-12-29 21:54:29
13,574,failed,2024-10-06 11:10:57
14,24,initiated,2024-07-30 00:27:38
15,396,sent_P,2024-07-01 15:16:13
16,655,failed,2024-07-12 22:33:06
17,589,sent_P,2024-01-27 07:48:41
18,735,failed,2024-12-03 03:40:00
19,463,completed,2024-05-06 08:16:37
20,443,sent_E,2024-01-31 07:24:03
21,55,verified,2024-07-10 17:05:11
22,712,verified,2024-02-05 02:43:31
23,761,verified,2024-09-09 12:40:11
24,927,completed,2024-03-03 00:24:58
25,230,sent_P,2024-05-14 01:24:03
26,331,failed,2024-01-14 07:37:12
27,341,failed,2024-08-24 22:08:06
28,31,sent_P,2024-09-05 13:03:56
29,741,failed,2024-11-06 15:31:45
30,45,sent_E,2024-08-11 01:47:04
31,566,completed,2024-10-25 12:16:22
32,814,sent_P,2024-07-05 00:50:45
33,245,sent_P,2024-07-28 08:08:32
34,364,sent_P,2024-09-29 20:27:54
35,871,completed,2024-03-06 14:36:11
36,75,completed,2024-08-05 03:17:33
37,151,sent_P,2024-08-13 15:45:57
38,138,failed,2024-04-15 06:47:28
39,835,verified,2024-11-26 02:24:15
40,126,sent_P,2024-11-22 14:16:54
41,237,sent_P,2024-11-18 21:33:03
42,378,failed,2024-07-04 01:37:50
43,649,sent_E,2024-09-26 20:55:24
44,381,sent_P,2024-04-03 01:48:19
45,105,completed,2024-01-28 17:06:27
46,951,completed,2024-12-08 08:28:17
47,981,initiated,2024-11-26 00:32:58
48,819,completed,2024-05-12 19:44:52
49,482,sent_E,2024-07-09 12:20:10
50,702,sent_E,2023-12-22 01:15:33
51,568,sent_E,2024-09-06 23:31:01
52,211,initiated,2024-08-04 10:41:16
53,481,failed,2024-08-13 05:48:12
54,228,initiated,2024-10-13 01:18:34
55,804,verified,2024-07-10 00:44:29
56,6,verified,2023-12-28 04:56:45
57,138,sent_E,2024-02-27 19:24:42
58,362,verified,2024-12-07 18:04:38
59,140,sent_E,2024-06-10 18:42:15
60,121,sent_P,2024-01-16 22:20:25
61,109,sent_P,2024-06-13 02:52:25
62,682,sent_E,2024-02-03 23:49:17
63,267,initiated,2023-12-30 17:20:07
64,668,failed,2024-02-10 12:30:17
65,98,failed,2024-02-10 00:12:37
66,831,failed,2024-07-08 11:45:02
67,686,failed,2024-10-12 05:19:16
68,991,failed,2023-12-14 18:31:05
69,237,completed,2024-01-15 09:40:57
70,466,sent_E,2024-02-21 11:21:34
71,873,failed,2024-09-28 01:45:44
72,471,sent_E,2024-11-29 20:50:53
73,967,sent_E,2024-03-29 22:28:36
74,983,verified,2024-06-13 20:49:58
75,758,initiated,2024-07-10 22:14:38
76,11,verified,2024-05-09 13:24:20
77,116,initiated,2024-07-03 07:04:29
78,51,sent_P,2024-06-04 06:24:29
79,79,sent_P,2024-11-01 10:45:46
80,432,completed,2024-02-11 16:55:16
81,740,sent_E,2024-08-05 16:43:14
82,811,initiated,2024-05-17 20:36:31
83,146,sent_P,2024-04-13 11:35:27
84,866,sent_P,2024-09-03 11:49:30
85,762,sent_P,2024-05-23 18:06:31
86,202,sent_P,2024-11-30 04:22:25
87,904,failed,2024-06-24 06:57:43
88,874,sent_E,2024-03-08 04:19:03
89,411,sent_E,2024-06-25 00:04:31
90,251,sent_P,2024-08-10 19:47:58
91,393,sent_P,2024-06-14 14:59:07
92,897,failed,2024-01-16 11:04:27
93,940,failed,2023-12-28 05:51:10
94,434,completed,2024-04-14 05:23:19
95,855,initiated,2024-08-02 11:46:54
96,41,verified,2024-01-22 05:35:23
97,57,sent_E,2024-02-23 08:59:21
98,773,initiated,2024-08-22 12:50:51
99,176,verified,2024-02-16 21:39:23
100,168,completed,2024-09-07 12:29:16
101,180,sent_P,2024-05-10 14:18:42
102,200,verified,2024-12-09 09:36:37
103,263,initiated,2024-05-19 11:29:29
104,819,completed,2024-01-15 23:27:00
105,475,initiated,2024-03-30 19:47:56
106,798,sent_E,2024-01-22 10:04:46
107,875,initiated,2024-02-20 22:05:08
108,784,verified,2024-10-22 04:00:00
109,640,initiated,2024-10-02 20:16:27
110,943,initiated,2024-04-28 07:37:12
111,698,sent_P,2023-12-17 21:17:51
112,187,failed,2024-06-22 08:03:25
113,25,completed,2024-09-26 20:50:58
114,19,verified,2024-08-12 18:15:53
115,779,completed,2024-04-06 17:11:44
116,468,verified,2024-05-14 09:54:49
117,429,sent_P,2024-09-09 11:50:39
118,307,verified,2024-06-24 06:57:29
119,582,completed,2024-07-22 18:48:06
120,850,verified,2024-03-08 14:18:09
121,203,completed,2024-05-02 17:20:19
122,286,initiated,2024-05-15 06:09:42
123,881,sent_E,2024-04-16 12:03:33
124,178,failed,2024-05-06 00:06:00
125,154,initiated,2024-08-13 21:08:20
126,50,initiated,2024-03-24 16:04:19
127,66,completed,2024-01-01 11:39:11
128,254,verified,2024-09-03 12:02:03
129,498,failed,2024-01-27 13:18:04
130,633,sent_P,2024-12-08 11:15:46
131,234,sent_P,2024-07-06 07:44:02
132,710,sent_E,2024-04-17 02:33:59
133,201,sent_E,2024-07-21 13:32:34
134,611,verified,2024-07-31 06:35:00
135,117,failed,2024-04-25 00:36:03
136,769,verified,2024-01-04 05:53:00
137,881,initiated,2024-09-18 23:34:31
138,50,sent_P,2024-11-19 06:32:57
139,207,sent_P,2024-06-27 02:44:13
140,330,initiated,2024-10-21 21:21:42
141,836,failed,2024-11-15 17:36:14
142,429,completed,2024-09-22 11:02:55
143,833,completed,2024-07-14 17:26:13
144,224,failed,2024-09-29 13:54:30
145,940,initiated,2024-08-12 22:45:57
146,199,verified,2024-01-31 13:35:24
147,826,failed,2024-11-13 13:04:32
148,404,failed,2024-07-15 21:46:07
149,503,initiated,2024-07-02 13:31:15
150,794,verified,2024-04-03 07:04:01
151,360,failed,2024-06-18 19:57:43
152,78,failed,2024-06-03 13:19:05
153,610,failed,2024-05-12 15:45:59
154,901,completed,2024-08-04 09:46:02
155,639,verified,2024-02-02 21:17:18
156,599,initiated,2024-02-21 02:50:28
157,286,initiated,2024-03-17 15:08:22
158,375,failed,2024-01-07 01:24:52
159,400,sent_P,2024-02-03 08:03:35
160,682,completed,2024-10-01 07:23:00
161,85,failed,2024-08-21 00:04:29
162,860,initiated,2024-03-18 04:07:46
163,330,completed,2024-02-08 09:12:26
164,823,initiated,2024-04-14 23:13:00
165,656,verified,2024-01-12 15:52:31
166,980,sent_P,2023-12-12 18:42:17
167,723,sent_E,2024-05-02 16:09:02
168,5,initiated,2024-07-13 18:28:00
169,220,completed,2024-10-08 07:55:15
170,781,initiated,2024-10-02 03:04:26
171,232,initiated,2024-10-31 06:51:05
172,668,verified,2024-03-14 05:10:45
173,808,sent_E,2024-06-30 18:49:02
174,497,completed,2024-03-02 14:20:07
175,563,failed,2024-03-16 18:54:10
176,675,sent_P,2024-04-21 00:42:07
177,24,failed,2024-09-13 08:36:46
178,708,sent_P,2024-04-20 06:26:22
179,758,sent_P,2024-04-22 21:23:13
180,76,initiated,2024-08-27 20:59:53
181,881,sent_E,2024-08-03 02:25:08
182,531,sent_P,2024-10-18 00:29:31
183,413,initiated,2024-09-15 06:42:41
184,963,failed,2024-08-18 07:16:34
185,433,sent_P,2024-05-22 14:56:59
186,860,failed,2024-04-22 09:11:09
187,60,verified,2024-02-22 11:18:16
188,951,initiated,2024-10-11 07:46:41
189,147,sent_E,2024-04-23 09:20:28
190,308,verified,2024-07-28 11:39:55
191,240,completed,2024-04-30 19:18:56
192,547,failed,2024-07-21 02:49:46
193,236,verified,2024-07-19 10:39:05
194,395,failed,2024-05-21 14:05:09
195,443,sent_P,2024-05-26 08:00:39
196,344,initiated,2024-08-16 04:42:07
197,447,verified,2024-06-20 09:06:55
198,289,verified,2024-11-12 07:45:13
199,86,failed,2024-01-19 10:59:27
200,841,sent_P,2024-02-11 22:23:53
201,904,failed,2024-04-06 17:51:21
202,225,failed,2024-04-14 15:30:41
203,425,completed,2024-11-03 09:35:04
204,872,initiated,2024-06-25 03:17:59
205,118,sent_E,2024-06-19 08:31:28
206,920,initiated,2023-12-18 23:12:46
207,247,verified,2024-09-30 19:32:16
208,668,failed,2024-11-04 21:19:18
209,345,sent_E,2024-07-10 19:51:55
210,394,initiated,2024-06-07 22:02:15
211,889,sent_E,2024-09-20 05:01:28
212,494,initiated,2024-07-29 01:24:08
213,795,sent_E,2024-06-06 06:32:59
214,729,completed,2024-05-13 04:16:20
215,828,verified,2024-06-24 10:30:29
216,834,sent_E,2024-03-26 00:07:16
217,799,sent_E,2024-09-29 23:02:20
218,537,sent_E,2023-12-30 21:01:39
219,208,sent_P,2024-12-01 16:42:54
220,234,verified,2024-04-10 08:58:52
221,333,sent_E,2023-12-16 03:05:02
222,659,sent_P,2024-09-19 17:17:17
223,232,sent_E,2024-06-12 08:41:01
224,966,completed,2024-08-06 18:57:27
225,422,completed,2024-03-11 12:36:55
226,425,sent_E,2024-12-09 05:53:26
227,172,sent_E,2024-04-05 11:58:14
228,892,sent_P,2024-12-04 02:26:31
229,427,failed,2024-11-03 03:31:27
230,725,initiated,2023-12-23 21:25:36
231,346,sent_E,2024-02-09 02:36:50
232,357,failed,2024-09-12 18:33:42
233,115,sent_P,2024-07-09 14:34:00
234,320,sent_P,2024-05-04 17:05:39
235,86,sent_P,2024-07-18 16:23:54
236,897,completed,2024-06-26 11:44:37
237,974,initiated,2024-04-12 02:22:39
238,230,initiated,2024-03-14 00:30:07
239,639,initiated,2023-12-23 20:08:56
240,588,failed,2024-02-10 17:04:12
241,500,verified,2024-08-26 06:15:58
242,422,completed,2024-03-16 10:19:15
243,449,sent_P,2024-08-07 07:37:46
244,1,initiated,2024-04-03 03:25:04
245,771,failed,2024-10-23 19:46:26
246,302,initiated,2024-08-21 04:57:57
247,664,completed,2024-11-20 02:09:55
248,935,verified,2024-09-21 01:47:37
249,275,verified,2024-05-18 05:52:36
250,384,verified,2024-02-06 02:58:18
251,351,initiated,2024-02-26 10:19:44
252,57,sent_E,2024-05-28 12:04:05
253,406,sent_P,2024-07-20 00:34:12
254,190,completed,2024-11-20 13:02:23
255,651,initiated,2024-11-13 19:52:17
256,580,failed,2024-02-22 20:56:11
257,161,completed,2024-11-15 19:18:40
258,673,sent_P,2024-07-13 06:44:37
259,42,verified,2024-06-08 02:22:04
260,509,initiated,2024-07-14 04:29:06
261,259,verified,2024-05-26 14:56:54
262,816,verified,2024-10-01 06:38:53
263,474,sent_E,2024-11-04 19:37:16
264,570,sent_P,2024-11-19 18:29:21
265,731,initiated,2024-11-04 08:28:36
266,587,completed,2024-01-02 19:32:45
267,337,failed,2024-07-04 13:48:51
268,46,sent_P,2023-12-22 19:30:10
269,363,sent_P,2023-12-13 18:38:33
270,411,failed,2024-01-12 10:58:47
271,446,verified,2024-05-05 15:52:57
272,238,completed,2024-04-29 03:34:44
273,156,completed,2024-10-22 14:26:34
274,317,failed,2024-09-23 17:29:35
275,867,completed,2024-06-08 23:51:10
276,839,initiated,2024-04-06 01:45:21
277,817,failed,2024-01-06 21:19:14
278,700,completed,2024-07-22 21:58:20
279,514,verified,2024-08-30 01:28:03
280,897,sent_E,2024-01-16 12:49:34
281,827,sent_P,2024-09-27 21:42:50
282,603,sent_P,2024-01-22 09:30:22
283,739,failed,2024-08-22 08:12:47
284,235,initiated,2024-08-11 13:00:49
285,712,sent_P,2024-11-09 08:52:20
286,561,failed,2024-08-05 08:51:15
287,747,verified,2024-12-05 17:38:43
288,481,verified,2023-12-28 09:46:24
289,803,completed,2024-08-12 10:29:39
290,346,initiated,2024-08-21 16:52:28
291,988,sent_E,2024-07-24 10:48:31
292,697,sent_P,2024-08-22 11:57:13
293,634,sent_E,2024-06-28 06:49:25
294,410,initiated,2024-07-24 01:51:49
295,821,sent_E,2024-11-24 10:21:16
296,91,sent_E,2024-04-16 13:57:01
297,820,failed,2024-05-23 14:05:51
298,326,initiated,2024-12-08 17:19:42
299,995,initiated,2024-08-10 05:37:31
300,497,verified,2024-06-18 11:12:06
301,146,completed,2024-10-20 20:50:23
302,714,completed,2024-08-24 02:00:17
303,928,sent_P,2024-09-09 08:23:53
304,135,verified,2024-02-03 01:45:01
305,681,initiated,2024-03-13 03:05:44
306,133,completed,2024-02-07 13:07:38
307,63,initiated,2024-01-07 10:08:45
308,598,sent_E,2023-12-23 02:12:33
309,203,sent_P,2024-04-27 14:56:43
310,434,initiated,2024-03-07 20:24:21
311,404,sent_E,2024-04-13 01:57:48
312,889,initiated,2024-01-11 09:19:45
313,822,verified,2024-08-15 01:33:05
314,4,verified,2024-01-06 23:10:12
315,397,completed,2024-10-27 20:39:46
316,741,initiated,2024-03-08 07:20:18
317,39,failed,2024-07-16 17:06:01
318,835,sent_E,2023-12-11 19:36:05
319,660,verified,2024-08-13 03:03:12
320,5,completed,2024-07-20 05:50:17
321,386,verified,2024-05-31 05:46:13
322,86,sent_E,2024-01-31 14:56:23
323,311,failed,2024-02-23 02:54:52
324,558,sent_P,2024-05-16 12:26:13
325,110,completed,2024-05-20 15:42:41
326,952,verified,2024-11-15 23:13:37
327,510,sent_E,2024-03-13 10:03:52
328,751,sent_P,2024-12-03 19:43:40
329,105,verified,2024-01-16 16:10:12
330,577,verified,2024-07-23 20:26:38
331,497,sent_P,2024-11-04 10:21:28
332,132,sent_E,2024-03-14 12:24:55
333,361,sent_E,2024-09-27 07:16:23
334,517,sent_P,2024-05-18 02:52:06
335,955,sent_P,2024-08-12 22:17:01
336,476,sent_E,2024-02-28 10:01:42
337,343,failed,2024-02-06 04:15:40
338,527,initiated,2023-12-16 20:33:39
339,470,sent_E,2024-02-15 23:01:36
340,745,initiated,2024-04-23 20:08:29
341,777,completed,2024-03-20 08:46:27
342,876,failed,2024-10-07 19:23:51
343,292,sent_E,2024-05-11 14:13:48
344,95,sent_E,2024-03-22 19:58:31
345,620,completed,2024-01-24 16:49:13
346,231,failed,2024-10-06 08:03:12
347,256,initiated,2024-02-25 05:23:06
348,931,initiated,2024-12-07 10:05:11
349,708,verified,2024-10-14 01:19:33
350,882,sent_P,2024-07-26 10:42:23
351,779,verified,2024-03-31 04:56:57
352,914,completed,2024-08-03 08:38:25
353,759,sent_P,2024-11-03 23:56:50
354,381,sent_E,2024-10-20 00:09:00
355,114,sent_P,2024-02-15 08:00:18
356,845,failed,2024-03-01 12:40:22
357,570,initiated,2024-06-18 09:09:39
358,362,verified,2024-07-03 04:58:40
359,936,initiated,2024-03-26 20:59:36
360,823,failed,2024-07-24 06:05:40
361,880,sent_P,2024-04-09 00:52:36
362,922,sent_E,2024-05-15 00:20:31
363,615,completed,2024-04-25 04:53:58
364,672,verified,2024-07-17 18:26:15
365,185,completed,2024-03-27 14:47:31
366,575,completed,2024-10-20 02:38:48
367,369,sent_E,2024-07-29 12:45:05
368,522,failed,2024-05-18 03:36:00
369,456,sent_E,2024-03-20 06:32:10
370,441,sent_P,2024-01-20 21:11:03
371,856,sent_E,2024-08-07 08:07:46
372,151,sent_E,2024-02-26 21:33:01
373,486,sent_E,2024-06-21 17:43:58
374,700,initiated,2024-11-08 18:49:27
375,736,completed,2024-06-03 06:53:19
376,356,failed,2024-06-05 00:07:45
377,290,sent_P,2024-06-07 15:09:48
378,941,completed,2024-07-17 23:26:10
379,135,sent_P,2024-04-22 14:08:33
380,287,initiated,2024-12-09 07:39:56
381,42,failed,2023-12-29 20:04:44
382,153,verified,2024-10-21 01:14:03
383,763,initiated,2024-11-06 14:37:40
384,899,verified,2024-11-14 20:28:48
385,836,verified,2024-03-01 06:20:50
386,404,initiated,2024-10-17 16:18:07
387,857,sent_E,2024-10-21 06:21:12
388,268,completed,2024-07-20 07:59:57
389,849,verified,2024-03-02 22:50:59
390,68,sent_P,2024-04-13 16:41:51
391,615,completed,2023-12-27 11:28:03
392,354,sent_E,2024-02-10 08:41:49
393,88,sent_P,2024-01-01 11:46:02
394,921,completed,2024-11-08 12:46:26
395,997,sent_E,2024-06-15 08:52:27
396,247,sent_P,2024-10-03 03:36:05
397,416,failed,2024-01-29 07:10:53
398,513,initiated,2024-11-25 05:47:47
399,896,verified,2024-04-11 17:31:07
400,484,failed,2024-08-08 04:26:10
401,137,failed,2024-10-02 11:22:48
402,676,verified,2023-12-22 06:46:43
403,317,initiated,2024-08-30 16:28:04
404,759,sent_E,2024-02-24 07:51:33
405,644,completed,2024-01-07 06:54:27
406,360,verified,2024-03-26 16:21:53
407,215,sent_P,2024-08-04 22:30:20
408,841,sent_P,2024-12-08 12:00:37
409,150,sent_E,2024-07-17 03:31:36
410,33,failed,2024-11-07 12:13:43
411,525,verified,2024-04-11 09:39:36
412,299,completed,2024-04-15 03:15:03
413,882,failed,2024-02-26 21:36:41
414,489,sent_E,2024-03-10 21:00:19
415,31,initiated,2024-02-28 18:06:30
416,69,completed,2024-03-10 01:12:14
417,761,sent_E,2024-04-28 01:37:43
418,567,sent_P,2024-09-05 02:36:57
419,237,failed,2024-07-17 14:04:15
420,846,sent_P,2024-06-09 03:50:32
421,79,completed,2024-08-30 17:19:14
422,806,completed,2024-07-28 19:01:32
423,501,failed,2024-03-08 19:14:31
424,756,completed,2024-06-17 06:04:32
425,322,sent_P,2024-04-29 23:45:33
426,676,initiated,2024-09-24 09:29:04
427,415,initiated,2024-09-25 07:18:57
428,361,failed,2024-08-20 21:59:33
429,690,sent_P,2024-10-10 02:27:51
430,524,verified,2024-02-04 05:29:19
431,862,failed,2024-02-22 19:35:31
432,714,completed,2024-01-14 07:53:50
433,423,completed,2024-08-20 10:19:58
434,255,verified,2024-07-29 11:36:21
435,144,failed,2024-08-10 04:57:21
436,644,verified,2024-12-03 10:54:02
437,8,sent_P,2024-10-24 11:23:05
438,200,verified,2024-08-22 19:59:28
439,599,sent_P,2024-09-16 00:54:36
440,912,sent_P,2024-09-17 08:56:50
441,457,sent_E,2024-05-19 06:06:22
442,490,completed,2024-03-18 12:52:18
443,370,verified,2024-09-06 01:59:02
444,56,failed,2024-11-17 17:08:35
445,614,initiated,2023-12-26 04:09:27
446,350,sent_P,2024-03-02 04:53:47
447,276,initiated,2024-08-29 19:37:40
448,507,sent_P,2023-12-12 05:01:02
449,332,failed,2024-09-02 07:23:46
450,118,sent_E,2024-01-11 10:44:02
451,274,sent_P,2024-01-14 07:29:44
452,231,completed,2024-03-22 08:10:04
453,625,failed,2024-03-18 17:11:02
454,849,sent_P,2024-04-14 01:15:43
455,748,initiated,2024-01-19 18:15:33
456,164,sent_E,2024-07-11 20:47:18
457,556,verified,2023-12-28 19:04:24
458,405,initiated,2024-06-30 23:44:16
459,138,initiated,2024-02-21 06:44:02
460,171,sent_P,2024-08-03 04:48:14
461,661,sent_E,2024-08-17 06:13:58
462,262,completed,2024-01-16 14:31:47
463,897,sent_P,2024-05-10 01:50:10
464,947,completed,2024-03-17 23:11:33
465,314,completed,2024-06-10 02:37:20
466,680,verified,2024-06-27 19:37:06
467,556,sent_E,2024-04-28 02:48:43
468,140,failed,2024-06-08 04:06:40
469,27,sent_E,2024-09-13 00:06:41
470,635,initiated,2024-07-31 00:41:37
471,839,completed,2024-12-02 23:46:16
472,982,sent_E,2024-11-03 10:39:40
473,580,verified,2024-08-03 17:09:47
474,256,initiated,2024-10-03 14:02:18
475,22,failed,2024-09-15 12:20:35
476,362,sent_E,2024-04-29 14:15:00
477,600,sent_E,2023-12-25 13:15:37
478,891,verified,2024-11-30 14:38:32
479,177,sent_P,2024-11-28 08:46:31
480,688,completed,2024-08-25 05:39:26
481,934,verified,2024-10-20 07:13:44
482,876,sent_P,2024-10-11 10:03:49
483,941,completed,2024-02-25 09:39:53
484,355,failed,2024-07-17 23:00:52
485,953,initiated,2024-10-23 17:04:11
486,823,verified,2023-12-28 19:12:52
487,429,sent_P,2024-05-16 21:20:04
488,331,sent_E,2024-07-05 12:38:58
489,601,completed,2024-04-17 03:51:19
490,117,sent_E,2024-08-21 13:26:08
491,367,verified,2024-05-29 15:48:53
492,653,sent_P,2024-04-22 06:48:42
493,476,verified,2024-04-01 13:54:30
494,967,failed,2024-11-14 18:43:30
495,794,failed,2024-05-08 20:38:04
496,777,sent_P,2024-05-30 15:06:16
497,203,initiated,2024-04-18 03:21:32
498,869,failed,2024-08-08 09:26:03
499,816,sent_P,2023-12-10 23:59:15
500,84,completed,2024-03-22 18:59:53
501,160,sent_P,2024-07-29 14:12:10
502,733,initiated,2024-03-19 16:47:22
503,778,failed,2024-03-02 15:42:41
504,684,failed,2024-07-23 13:36:04
505,958,sent_E,2024-01-02 18:50:01
506,333,initiated,2024-11-03 06:41:55
507,785,sent_E,2024-07-16 06:04:23
508,875,completed,2024-06-11 17:06:49
509,206,sent_P,2023-12-17 06:55:03
510,801,verified,2024-01-23 02:00:51
511,777,completed,2023-12-20 09:10:50
512,128,initiated,2024-07-23 22:32:39
513,469,initiated,2024-05-23 12:25:06
514,547,sent_E,2024-01-03 07:30:00
515,579,verified,2024-10-12 03:30:21
516,488,completed,2024-03-17 09:04:29
517,925,initiated,2024-02-22 09:20:34
518,827,completed,2024-11-05 01:06:18
519,145,failed,2024-10-11 23:41:29
520,691,verified,2024-08-12 00:20:07
521,317,failed,2024-02-19 07:07:06
522,273,failed,2023-12-10 22:49:18
523,843,sent_E,2024-08-11 07:21:42
524,252,sent_P,2024-01-12 18:53:38
525,52,verified,2024-07-11 01:08:24
526,227,initiated,2024-03-31 21:01:20
527,163,sent_E,2024-01-17 10:29:54
528,232,completed,2024-09-22 22:40:06
529,85,completed,2024-11-04 09:10:49
530,839,sent_E,2024-10-15 20:35:50
531,70,failed,2024-05-31 01:37:35
532,985,failed,2024-10-10 07:08:27
533,572,completed,2024-07-01 09:23:37
534,199,failed,2024-02-22 23:45:16
535,590,sent_E,2024-05-08 05:34:01
536,593,failed,2024-07-10 11:27:45
537,134,sent_E,2023-12-23 02:33:41
538,353,completed,2024-11-07 20:32:20
539,881,sent_E,2024-10-12 01:55:42
540,651,initiated,2024-03-31 08:42:35
541,612,verified,2024-06-26 20:15:23
542,309,verified,2024-09-27 12:06:20
543,351,failed,2024-03-21 06:28:22
544,836,sent_E,2024-03-03 00:52:43
545,467,sent_E,2024-01-23 00:44:41
546,533,sent_E,2024-07-11 21:04:03
547,588,sent_P,2023-12-26 23:20:27
548,254,sent_P,2023-12-21 17:24:33
549,677,completed,2024-03-25 10:23:24
550,424,verified,2024-08-12 00:40:07
551,409,completed,2024-06-17 04:50:23
552,929,initiated,2024-04-24 18:08:01
553,327,verified,2024-04-08 00:08:50
554,717,initiated,2023-12-20 10:28:53
555,177,verified,2024-05-23 16:34:37
556,280,sent_E,2024-04-26 11:01:16
557,615,completed,2024-09-19 20:02:20
558,319,failed,2024-08-15 01:05:25
559,456,sent_P,2024-01-18 16:49:05
560,694,completed,2024-03-22 15:05:49
561,243,verified,2024-03-08 07:50:40
562,455,initiated,2024-08-24 02:16:13
563,625,initiated,2023-12-20 16:27:31
564,478,failed,2024-09-18 20:20:23
565,821,sent_P,2023-12-12 12:09:43
566,773,failed,2024-05-16 10:44:14
567,547,failed,2024-10-03 11:41:37
568,917,sent_E,2024-11-09 08:53:32
569,1000,verified,2023-12-31 15:09:04
570,579,verified,2024-07-13 09:06:25
571,209,sent_E,2024-05-08 12:06:44
572,508,completed,2024-06-04 07:59:32
573,610,verified,2024-02-10 19:26:26
574,397,completed,2024-04-14 02:10:47
575,41,verified,2024-01-10 03:19:02
576,866,completed,2024-04-22 16:26:51
577,629,initiated,2024-07-18 16:59:23
578,735,completed,2024-09-03 16:49:10
579,888,sent_P,2024-02-14 16:22:56
580,601,initiated,2024-08-06 15:13:27
581,729,initiated,2024-06-20 23:14:06
582,233,verified,2024-05-21 08:41:38
583,299,failed,2024-01-11 16:04:34
584,535,sent_E,2024-04-14 04:26:54
585,846,sent_E,2023-12-30 04:06:21
586,607,initiated,2024-11-07 00:37:53
587,820,sent_E,2024-09-20 15:27:53
588,482,sent_P,2024-11-11 07:18:25
589,695,failed,2024-02-12 01:38:31
590,584,failed,2024-09-17 21:56:42
591,352,sent_E,2024-11-26 08:47:01
592,475,verified,2024-11-11 15:18:49
593,308,initiated,2024-10-16 07:10:42
594,395,failed,2024-02-16 09:52:03
595,976,sent_E,2024-07-16 08:50:21
596,877,sent_P,2024-10-22 11:15:07
597,692,initiated,2024-06-19 04:33:51
598,358,completed,2024-03-20 11:21:08
599,691,sent_P,2024-02-18 23:22:13
600,618,sent_P,2024-03-18 23:17:00
601,82,initiated,2024-06-09 17:37:54
602,59,initiated,2024-09-19 23:08:19
603,752,verified,2024-01-18 02:10:47
604,473,verified,2024-10-10 21:06:05
605,322,verified,2024-02-15 23:53:52
606,834,failed,2024-10-12 21:00:52
607,39,initiated,2024-02-02 10:00:15
608,387,sent_P,2024-03-20 22:20:20
609,977,sent_P,2024-08-08 16:23:21
610,974,sent_E,2024-08-02 17:40:38
611,396,sent_P,2024-07-06 23:38:47
612,420,initiated,2023-12-27 19:39:20
613,832,sent_E,2024-03-29 06:01:24
614,875,verified,2024-05-26 14:27:33
615,753,completed,2024-10-25 13:35:26
616,398,failed,2024-08-17 06:29:43
617,910,verified,2024-01-22 09:54:42
618,39,sent_E,2024-09-17 11:31:40
619,140,sent_E,2024-11-08 02:36:00
620,422,sent_E,2024-09-01 22:26:07
621,346,initiated,2024-06-25 19:40:53
622,877,sent_P,2024-05-24 13:29:08
623,349,failed,2024-01-08 23:34:49
624,963,sent_E,2024-08-12 04:19:28
625,785,completed,2024-04-08 13:17:03
626,392,completed,2024-09-13 01:55:19
627,955,completed,2024-09-05 13:24:33
628,321,sent_P,2024-02-11 08:54:34
629,966,sent_P,2024-07-13 22:53:27
630,928,sent_P,2024-03-24 06:44:32
631,612,sent_P,2024-01-08 15:26:47
632,525,initiated,2024-04-13 13:03:30
633,560,completed,2024-09-28 17:12:02
634,512,initiated,2024-03-09 14:14:59
635,981,verified,2024-10-13 13:14:25
636,841,sent_P,2024-06-02 22:11:21
637,379,sent_E,2024-09-03 11:27:40
638,901,failed,2024-09-30 06:29:14
639,73,failed,2024-09-11 22:02:48
640,908,sent_P,2024-09-11 07:12:57
641,912,failed,2024-05-04 01:44:04
642,843,sent_E,2023-12-29 03:45:18
643,634,failed,2024-08-15 07:59:49
644,18,failed,2024-11-18 06:39:44
645,979,failed,2024-03-22 04:16:30
646,24,initiated,2024-01-30 05:52:06
647,172,completed,2023-12-29 18:42:50
648,858,initiated,2024-06-21 12:37:28
649,525,sent_E,2024-08-12 02:03:35
650,504,completed,2024-06-04 02:55:28
651,206,completed,2024-11-24 10:08:59
652,417,initiated,2024-02-25 08:32:09
653,86,completed,2024-06-11 11:37:40
654,365,verified,2024-02-01 01:13:56
655,296,failed,2024-04-11 12:10:31
656,457,completed,2024-07-21 18:41:26
657,731,initiated,2024-02-26 21:23:06
658,477,initiated,2023-12-24 13:46:38
659,88,sent_P,2024-05-26 12:50:27
660,212,completed,2024-04-25 19:03:29
661,212,failed,2023-12-24 14:42:20
662,121,verified,2024-12-07 14:14:35
663,829,initiated,2024-06-09 05:51:27
664,479,sent_E,2024-07-29 19:45:44
665,302,initiated,2024-01-25 02:50:54
666,794,sent_E,2024-05-10 15:45:56
667,146,completed,2024-11-09 09:00:04
668,865,verified,2024-03-30 07:45:44
669,110,failed,2024-01-24 07:15:49
670,114,sent_P,2024-06-10 06:26:36
671,311,initiated,2024-07-15 20:38:18
672,348,sent_E,2024-02-22 05:35:19
673,6,initiated,2024-06-20 07:19:46
674,740,verified,2024-06-06 04:14:19
675,968,sent_P,2024-08-07 00:49:38
676,271,sent_E,2024-11-23 01:23:00
677,700,initiated,2024-07-21 15:25:39
678,604,verified,2024-03-14 07:27:06
679,8,sent_E,2024-05-29 23:57:53
680,845,verified,2024-11-02 01:54:45
681,21,initiated,2024-10-03 18:35:39
682,548,failed,2024-11-20 13:03:53
683,567,initiated,2024-01-05 21:09:21
684,565,sent_E,2024-06-13 05:16:54
685,808,verified,2024-09-19 13:50:00
686,19,sent_E,2024-11-10 01:58:47
687,100,failed,2024-03-06 02:04:58
688,627,sent_E,2024-10-26 00:49:03
689,57,initiated,2024-03-12 07:56:42
690,454,completed,2024-05-25 16:00:17
691,113,initiated,2024-07-04 05:47:49
692,630,initiated,2024-05-20 23:31:25
693,645,verified,2024-02-08 21:56:32
694,907,completed,2024-05-02 05:07:50
695,383,sent_E,2024-09-08 11:14:55
696,568,initiated,2023-12-12 01:46:17
697,711,initiated,2024-04-05 17:05:19
698,142,sent_E,2024-02-21 05:35:42
699,713,failed,2024-10-29 16:14:44
700,631,sent_P,2024-08-10 19:09:48
701,49,sent_P,2024-11-18 06:26:54
702,557,failed,2024-11-04 17:47:52
703,916,verified,2023-12-15 16:03:27
704,310,sent_E,2024-01-14 10:16:43
705,409,verified,2024-07-07 05:36:34
706,88,sent_P,2024-02-25 10:14:19
707,679,failed,2024-09-05 03:35:58
708,260,initiated,2024-04-24 04:25:48
709,319,sent_P,2024-11-04 08:34:48
710,340,failed,2024-08-27 06:18:01
711,101,failed,2024-04-25 01:15:00
712,417,sent_P,2024-04-19 19:10:49
713,751,verified,2024-09-30 04:09:00
714,779,completed,2024-05-14 22:03:39
715,67,sent_E,2024-01-18 00:07:47
716,611,completed,2024-08-25 00:40:44
717,264,sent_P,2024-03-16 21:21:40
718,684,sent_P,2024-12-06 11:34:37
719,647,sent_P,2024-08-05 05:59:04
720,586,failed,2024-09-17 04:10:00
721,96,completed,2024-02-20 20:30:53
722,215,verified,2024-02-10 09:11:38
723,951,failed,2024-07-15 17:08:49
724,40,verified,2024-02-24 15:17:15
725,422,sent_E,2024-05-28 20:04:45
726,906,failed,2024-01-14 14:05:17
727,837,verified,2024-03-23 21:15:34
728,135,sent_E,2024-11-14 18:40:51
729,459,initiated,2024-02-27 11:22:51
730,861,initiated,2024-01-20 04:03:02
731,95,sent_E,2024-05-14 11:37:24
732,534,sent_P,2024-05-04 08:43:59
733,416,sent_E,2024-09-15 23:02:52
734,251,completed,2024-08-24 05:25:45
735,858,initiated,2024-08-14 15:07:46
736,773,initiated,2024-08-09 05:04:47
737,207,failed,2024-03-12 19:39:17
738,408,failed,2023-12-20 20:52:33
739,551,completed,2024-01-27 05:42:13
740,49,failed,2024-02-05 04:45:46
741,759,sent_E,2024-07-28 16:08:34
742,204,completed,2024-07-17 03:29:34
743,688,completed,2024-04-27 11:46:10
744,722,failed,2024-11-03 00:01:18
745,921,failed,2024-07-31 09:47:33
746,148,completed,2024-04-04 03:25:27
747,705,failed,2024-07-18 12:52:43
748,788,completed,2024-07-17 01:05:10
749,287,sent_E,2024-11-23 21:40:57
750,536,sent_E,2024-03-12 15:29:08
751,257,sent_E,2024-06-24 00:15:45
752,78,sent_P,2024-03-13 15:43:15
753,758,sent_P,2024-02-14 20:09:05
754,191,failed,2024-05-27 02:54:07
755,347,sent_P,2024-10-03 09:49:40
756,49,completed,2024-02-02 08:10:56
757,272,sent_E,2024-04-25 05:43:48
758,662,completed,2024-02-14 19:31:06
759,548,sent_E,2024-08-05 08:59:19
760,279,completed,2024-11-04 05:39:33
761,43,sent_E,2024-09-27 19:13:39
762,618,sent_E,2024-07-14 05:53:21
763,862,initiated,2024-03-31 02:00:17
764,153,initiated,2024-05-04 16:02:12
765,608,failed,2024-07-12 22:19:30
766,196,completed,2024-02-28 02:13:35
767,590,sent_P,2024-05-18 12:26:24
768,682,sent_P,2024-03-24 05:35:20
769,922,verified,2024-06-22 05:50:51
770,759,initiated,2024-12-04 22:16:41
771,404,sent_P,2024-03-09 18:41:26
772,354,initiated,2024-11-10 01:09:15
773,118,verified,2024-01-08 15:50:07
774,150,initiated,2024-06-22 03:05:55
775,529,sent_E,2024-03-03 07:47:50
776,626,sent_P,2024-05-09 14:08:49
777,26,sent_E,2024-01-18 10:45:30
778,12,failed,2024-04-13 17:13:56
779,392,verified,2024-08-22 16:43:17
780,865,failed,2024-03-14 15:41:18
781,928,initiated,2024-06-03 06:04:28
782,115,completed,2024-03-12 00:28:10
783,21,sent_P,2024-03-28 07:33:59
784,613,sent_P,2024-05-22 12:28:56
785,314,failed,2023-12-25 18:50:51
786,506,sent_P,2024-06-20 18:45:22
787,488,verified,2024-02-07 18:12:14
788,9,initiated,2024-03-11 16:09:29
789,391,initiated,2024-03-21 22:07:59
790,469,completed,2024-02-27 01:54:14
791,575,verified,2024-06-18 02:26:04
792,332,completed,2023-12-15 00:39:41
793,919,initiated,2024-10-29 04:54:57
794,612,verified,2023-12-26 20:23:50
795,476,completed,2024-04-22 10:36:37
796,240,verified,2024-03-10 08:44:53
797,948,failed,2024-08-19 16:41:35
798,486,completed,2024-07-23 08:20:25
799,58,sent_P,2024-02-15 15:41:47
800,822,initiated,2024-05-08 20:57:08
801,322,completed,2023-12-20 13:50:58
802,843,initiated,2024-11-12 12:57:39
803,545,verified,2024-02-22 08:29:00
804,835,sent_E,2024-06-01 00:06:37
805,365,verified,2024-09-30 05:58:41
806,922,initiated,2024-08-19 20:15:55
807,497,sent_E,2024-02-14 19:22:09
808,713,sent_P,2024-03-10 00:54:14
809,341,completed,2024-05-14 03:57:53
810,184,sent_E,2024-01-29 22:28:06
811,372,verified,2024-10-23 17:28:24
812,538,failed,2024-08-02 21:57:58
813,895,failed,2024-03-21 20:58:12
814,190,failed,2024-06-04 18:41:00
815,847,completed,2024-08-19 18:05:10
816,995,failed,2024-10-05 09:23:13
817,264,completed,2024-10-28 16:44:16
818,663,initiated,2024-07-11 22:22:37
819,233,sent_P,2024-02-23 02:29:14
820,287,sent_E,2024-10-07 02:34:47
821,527,verified,2024-04-24 18:49:14
822,634,failed,2024-05-24 12:57:07
823,791,initiated,2024-08-10 18:13:17
824,270,sent_P,2024-01-13 04:36:50
825,865,sent_P,2024-11-07 15:08:36
826,983,completed,2024-10-13 07:12:06
827,916,failed,2024-07-02 19:15:29
828,947,sent_P,2024-07-14 14:03:08
829,70,failed,2024-12-10 01:40:44
830,843,verified,2024-06-12 18:09:04
831,666,sent_E,2024-10-13 11:52:14
832,67,failed,2024-01-04 18:52:54
833,74,sent_E,2024-02-08 02:21:59
834,769,sent_P,2024-12-02 22:47:30
835,957,verified,2024-04-22 05:41:29
836,422,initiated,2024-06-14 22:17:55
837,369,failed,2024-05-13 19:09:54
838,239,completed,2024-11-05 11:54:19
839,650,completed,2024-06-02 13:08:55
840,443,completed,2024-11-24 13:20:16
841,777,failed,2023-12-31 14:48:38
842,503,initiated,2024-08-07 14:33:55
843,124,sent_P,2024-01-29 04:45:41
844,633,failed,2024-01-16 09:57:36
845,952,sent_E,2024-03-14 22:15:36
846,250,sent_E,2024-03-14 19:17:00
847,250,completed,2024-06-21 22:55:57
848,761,failed,2024-04-27 11:51:56
849,799,completed,2024-05-31 18:25:21
850,143,completed,2024-03-09 20:13:28
851,556,initiated,2024-08-21 20:51:02
852,441,verified,2024-01-25 04:10:36
853,875,sent_P,2024-08-28 03:27:24
854,796,sent_E,2024-04-12 12:50:08
855,364,sent_P,2024-11-04 10:06:23
856,443,sent_E,2024-10-07 23:11:37
857,303,failed,2024-08-21 08:49:10
858,426,completed,2024-01-03 20:15:52
859,609,sent_E,2024-11-30 15:37:25
860,926,initiated,2024-09-05 17:52:44
861,114,sent_E,2024-10-31 11:01:16
862,586,verified,2024-01-19 13:46:01
863,265,verified,2024-04-29 00:48:10
864,560,failed,2024-04-23 04:20:47
865,463,completed,2024-09-16 01:47:19
866,101,sent_E,2024-02-26 16:26:52
867,387,initiated,2024-04-17 17:16:09
868,572,initiated,2024-11-23 01:49:15
869,674,sent_P,2024-08-31 01:45:30
870,781,sent_E,2024-09-11 10:54:57
871,9,completed,2024-02-26 14:03:15
872,934,sent_E,2024-11-22 21:23:02
873,52,completed,2024-05-03 11:22:24
874,489,initiated,2024-01-31 23:37:21
875,559,failed,2024-11-13 19:40:16
876,330,verified,2024-07-24 09:06:46
877,92,completed,2024-10-16 03:26:20
878,766,initiated,2024-10-27 13:01:13
879,238,sent_E,2024-08-05 07:29:01
880,361,completed,2024-08-11 02:32:39
881,201,failed,2024-08-17 19:53:19
882,773,sent_P,2024-02-17 13:07:28
883,850,verified,2024-11-14 18:46:36
884,426,sent_P,2024-09-09 11:25:03
885,664,verified,2024-07-15 01:16:20
886,452,completed,2024-11-24 01:07:25
887,152,completed,2024-09-24 10:32:08
888,708,initiated,2024-03-25 04:31:46
889,211,completed,2024-05-20 04:04:43
890,325,failed,2024-10-02 21:45:15
891,93,initiated,2024-07-05 18:46:22
892,308,verified,2024-11-04 11:49:35
893,40,sent_P,2024-12-02 15:54:54
894,764,failed,2024-05-27 22:06:59
895,975,initiated,2024-04-14 03:31:02
896,713,completed,2024-10-16 13:47:25
897,477,initiated,2024-05-27 10:00:53
898,302,sent_P,2024-05-17 04:03:56
899,186,initiated,2024-09-12 04:09:31
900,489,sent_P,2024-08-30 18:52:12
901,682,completed,2023-12-12 20:06:41
902,615,initiated,2024-11-07 20:53:09
903,460,initiated,2024-07-18 01:30:10
904,31,sent_E,2024-03-16 17:21:23
905,733,sent_E,2024-07-13 18:25:44
906,146,initiated,2024-11-15 01:54:18
907,157,completed,2024-10-25 05:04:24
908,764,completed,2024-01-10 20:28:13
909,143,completed,2024-08-12 10:47:08
910,484,failed,2024-01-14 18:41:08
911,596,sent_P,2024-08-27 20:18:15
912,671,sent_P,2024-01-07 13:16:52
913,294,completed,2024-01-27 22:27:23
914,466,completed,2024-01-17 17:55:38
915,752,sent_P,2024-09-06 14:18:46
916,839,sent_P,2024-05-18 15:36:22
917,916,failed,2024-07-14 20:29:04
918,378,initiated,2024-10-24 02:15:28
919,224,sent_P,2024-09-13 18:01:12
920,664,sent_E,2024-01-22 09:24:41
921,450,sent_E,2024-01-14 10:25:42
922,968,completed,2024-05-02 22:35:52
923,975,failed,2024-01-13 04:05:39
924,102,sent_E,2024-03-15 16:37:44
925,523,failed,2024-02-15 08:54:16
926,892,initiated,2024-05-24 10:08:37
927,9,sent_E,2024-11-10 08:01:51
928,652,sent_P,2024-01-28 16:20:40
929,351,verified,2024-01-23 21:51:07
930,979,verified,2024-05-04 21:02:30
931,867,failed,2024-06-27 09:26:38
932,633,failed,2024-06-29 12:09:19
933,422,verified,2024-11-02 10:34:10
934,495,sent_P,2024-05-17 00:02:48
935,698,sent_P,2024-06-23 06:34:56
936,987,sent_P,2024-03-05 01:33:41
937,102,completed,2024-05-13 11:34:54
938,70,completed,2024-03-22 19:48:06
939,398,sent_P,2024-08-01 15:11:16
940,198,initiated,2024-10-26 07:16:23
941,657,completed,2024-02-05 12:32:27
942,375,sent_P,2024-06-12 00:28:39
943,831,completed,2023-12-21 12:18:56
944,359,failed,2024-02-15 05:14:26
945,454,sent_E,2024-05-05 05:06:12
946,833,completed,2024-04-19 21:21:59
947,530,verified,2024-02-10 19:26:29
948,573,sent_E,2024-09-18 18:53:47
949,321,verified,2024-02-11 21:33:51
950,355,sent_E,2024-08-23 01:02:49
951,518,verified,2024-02-05 18:57:27
952,670,sent_E,2024-09-12 04:16:05
953,164,initiated,2024-05-23 11:46:07
954,647,initiated,2024-09-21 00:59:35
955,896,initiated,2024-04-07 07:06:56
956,924,completed,2024-10-08 01:38:48
957,435,verified,2024-01-04 19:32:34
958,252,completed,2024-09-24 23:08:01
959,43,completed,2024-09-23 19:24:45
960,248,sent_P,2024-10-06 19:25:58
961,377,initiated,2024-05-27 23:47:54
962,602,sent_E,2024-08-23 08:53:07
963,192,failed,2024-11-02 13:26:18
964,913,sent_E,2024-04-24 20:41:43
965,153,sent_P,2024-06-13 04:54:13
966,110,initiated,2024-07-13 16:18:51
967,168,failed,2024-05-07 04:03:34
968,148,sent_E,2024-05-21 16:57:44
969,240,sent_P,2023-12-13 09:47:28
970,38,completed,2024-10-26 10:39:33
971,653,initiated,2024-04-03 22:04:40
972,185,sent_E,2024-10-15 13:16:28
973,445,verified,2024-07-31 10:45:33
974,287,failed,2024-01-25 20:43:45
975,992,sent_P,2024-02-23 00:13:46
976,104,initiated,2024-10-20 16:02:37
977,132,initiated,2024-08-19 10:40:10
978,879,verified,2024-09-02 22:01:01
979,102,verified,2024-08-01 14:24:09
980,266,sent_E,2024-05-18 06:23:09
981,857,completed,2024-08-01 11:16:32
982,280,failed,2024-03-08 23:49:40
983,854,sent_P,2024-12-07 10:42:28
984,768,verified,2024-08-11 04:26:49
985,178,sent_E,2024-08-20 23:55:25
986,809,sent_P,2024-06-25 02:05:59
987,880,sent_E,2024-06-25 07:10:56
988,294,completed,2024-02-17 22:58:32
989,339,sent_P,2023-12-21 11:14:15
990,875,failed,2024-03-11 01:29:28
991,89,completed,2024-01-18 16:26:29
992,303,initiated,2024-08-18 10:59:33
993,623,completed,2024-03-09 05:07:30
994,428,sent_E,2024-09-20 16:28:11
995,81,initiated,2024-08-23 18:16:36
996,457,completed,2024-04-02 15:21:59
997,373,verified,2024-10-19 23:46:58
998,632,failed,2024-09-14 19:31:13
999,759,sent_P,2024-09-15 20:42:54
1000,638,sent_E,2024-04-10 19:49:48
1001,425,sent_P,2024-01-06 04:27:47
1002,931,verified,2024-03-02 12:56:46
1003,103,completed,2024-07-21 15:16:53
1004,191,sent_P,2024-01-04 10:12:23
1005,535,completed,2024-07-22 03:25:41
1006,666,sent_E,2024-11-20 00:32:19
1007,53,verified,2024-11-07 07:21:58
1008,197,initiated,2024-05-04 20:06:15
1009,408,failed,2024-06-12 04:51:30
1010,641,sent_P,2024-09-23 09:34:52
1011,403,failed,2024-02-21 18:18:14
1012,265,completed,2024-11-30 17:37:32
1013,688,failed,2024-01-21 15:36:52
1014,820,sent_P,2024-07-16 14:14:39
1015,163,verified,2024-11-27 10:42:15
1016,433,initiated,2024-09-12 03:20:51
1017,192,verified,2024-07-04 06:20:45
1018,663,sent_E,2024-06-11 15:44:29
1019,96,sent_P,2024-02-23 11:27:59
1020,331,sent_P,2024-08-11 10:03:48
1021,198,verified,2024-07-27 07:38:14
1022,429,completed,2024-07-10 02:20:44
1023,688,verified,2024-09-20 08:54:41
1024,96,verified,2023-12-20 10:07:31
1025,137,completed,2024-04-29 08:25:55
1026,777,verified,2023-12-31 03:40:41
1027,314,verified,2024-08-04 11:54:22
1028,211,failed,2024-04-10 22:20:48
1029,138,sent_E,2024-08-27 09:58:31
1030,785,completed,2024-02-23 03:43:20
1031,877,initiated,2024-09-07 13:20:12
1032,729,verified,2024-06-11 23:01:13
1033,548,verified,2024-06-19 07:14:11
1034,589,failed,2024-06-22 06:03:00
1035,952,failed,2024-06-14 07:09:23
1036,516,sent_E,2024-08-21 19:58:44
1037,204,initiated,2024-10-08 18:21:42
1038,769,failed,2024-05-08 01:47:55
1039,914,sent_E,2024-01-21 13:26:46
1040,493,initiated,2024-02-06 18:04:03
1041,949,sent_E,2024-05-30 02:49:55
1042,121,failed,2024-08-25 21:47:55
1043,714,initiated,2024-09-20 13:40:50
1044,65,failed,2024-02-28 00:03:13
1045,721,completed,2024-03-05 20:56:15
1046,536,initiated,2024-05-06 11:12:38
1047,954,failed,2024-11-02 15:57:23
1048,12,failed,2024-10-16 19:43:10
1049,545,initiated,2024-06-19 13:02:20
1050,628,completed,2023-12-13 09:56:37
1051,253,sent_P,2024-02-28 20:50:50
1052,36,completed,2024-02-24 00:20:51
1053,446,verified,2023-12-22 19:17:42
1054,56,sent_P,2024-10-13 00:03:55
1055,612,sent_P,2024-09-08 02:36:18
1056,2,verified,2023-12-19 12:37:17
1057,714,sent_E,2024-01-25 11:33:46
1058,433,initiated,2024-12-02 05:23:17
1059,81,sent_P,2024-12-04 17:34:15
1060,920,completed,2024-06-15 13:56:24
1061,693,verified,2023-12-27 02:37:28
1062,617,completed,2024-06-13 21:05:53
1063,199,sent_P,2024-06-27 16:43:41
1064,171,sent_E,2024-06-08 01:12:00
1065,416,initiated,2024-03-08 12:29:01
1066,699,verified,2024-11-16 00:11:27
1067,625,sent_P,2024-03-10 22:02:15
1068,971,failed,2024-05-31 12:21:17
1069,49,sent_E,2024-02-17 12:00:11
1070,446,initiated,2024-10-31 09:49:40
1071,788,sent_P,2024-02-17 22:16:30
1072,54,sent_P,2024-10-05 19:02:15
1073,342,initiated,2024-03-03 23:37:45
1074,770,sent_E,2024-03-01 06:19:23
1075,514,completed,2024-08-03 05:01:25
1076,451,sent_E,2024-05-29 17:09:30
1077,927,completed,2024-07-30 11:55:48
1078,688,completed,2024-02-03 01:29:18
1079,333,verified,2024-08-31 04:54:09
1080,166,verified,2024-11-23 21:36:15
1081,258,initiated,2024-09-04 06:23:37
1082,532,sent_P,2023-12-17 11:41:48
1083,494,failed,2024-05-31 15:06:31
1084,995,verified,2024-12-06 01:49:41
1085,114,completed,2024-06-11 22:54:23
1086,684,sent_E,2024-07-24 00:08:44
1087,899,sent_E,2024-07-27 12:12:18
1088,566,completed,2024-08-03 12:51:22
1089,329,sent_P,2024-08-15 18:03:34
1090,3,sent_P,2024-03-24 03:20:42
1091,795,failed,2024-08-07 01:44:00
1092,771,completed,2024-10-01 00:00:39
1093,577,sent_P,2024-03-23 03:25:47
1094,305,sent_P,2024-08-04 05:38:10
1095,860,completed,2024-03-04 09:51:47
1096,40,failed,2024-07-31 03:20:56
1097,8,verified,2024-06-11 06:20:00
1098,252,initiated,2024-06-22 03:00:13
1099,238,initiated,2024-01-16 23:33:34
1100,97,verified,2024-04-27 21:44:24
1101,168,initiated,2024-03-11 16:29:13
1102,254,sent_P,2023-12-27 19:50:05
1103,612,verified,2024-10-15 22:25:32
1104,249,failed,2024-08-30 13:19:23
1105,930,completed,2024-04-09 23:00:50
1106,910,verified,2024-06-17 05:21:28
1107,100,failed,2024-10-26 13:36:37
1108,756,completed,2024-04-16 11:14:54
1109,592,sent_E,2024-08-16 16:51:30
1110,91,initiated,2024-10-30 00:01:18
1111,593,initiated,2024-08-07 19:51:58
1112,417,verified,2024-06-04 03:50:54
1113,658,initiated,2024-11-24 11:50:04
1114,884,failed,2024-02-15 16:25:27
1115,405,verified,2024-09-15 21:07:32
1116,636,sent_P,2024-06-23 03:14:45
1117,21,initiated,2024-04-22 05:14:58
1118,787,initiated,2024-09-15 09:23:48
1119,870,completed,2024-12-06 13:25:53
1120,807,sent_P,2024-02-17 14:53:35
1121,600,completed,2024-07-10 11:30:50
1122,114,failed,2024-02-02 21:44:20
1123,380,failed,2024-04-19 10:27:45
1124,296,sent_P,2024-05-20 22:22:58
1125,751,initiated,2024-05-31 10:29:57
1126,427,sent_P,2024-08-27 08:32:25
1127,243,completed,2024-11-27 03:00:14
1128,126,sent_E,2024-05-03 18:09:36
1129,569,sent_P,2023-12-21 07:07:34
1130,766,verified,2024-10-30 17:01:39
1131,840,sent_E,2024-08-21 09:37:19
1132,567,sent_E,2024-06-03 23:03:59
1133,495,sent_E,2024-04-22 17:48:16
1134,877,initiated,2024-10-27 19:48:00
1135,178,verified,2024-03-31 09:33:58
1136,942,sent_P,2024-06-22 09:26:00
1137,212,sent_E,2024-03-22 17:12:30
1138,892,sent_P,2024-10-05 03:02:03
1139,82,failed,2024-07-11 05:55:31
1140,665,verified,2024-03-25 14:01:09
1141,182,initiated,2024-03-19 22:19:02
1142,793,completed,2024-06-28 16:46:56
1143,648,sent_P,2024-06-08 10:22:24
1144,308,completed,2024-08-08 13:42:41
1145,178,failed,2024-12-06 09:46:52
1146,947,failed,2024-04-17 03:05:35
1147,523,initiated,2024-04-17 03:13:08
1148,724,verified,2024-05-27 06:31:01
1149,386,initiated,2024-04-27 04:30:31
1150,591,sent_P,2023-12-26 14:57:42
1151,250,failed,2024-02-13 12:51:56
1152,158,sent_E,2024-11-12 16:25:18
1153,175,verified,2024-02-29 13:57:07
1154,154,sent_E,2024-06-17 11:31:39
1155,25,completed,2024-04-19 05:41:42
1156,714,sent_E,2024-06-13 18:22:21
1157,378,failed,2024-01-22 15:10:45
1158,893,sent_E,2024-10-05 18:08:56
1159,536,initiated,2024-11-23 00:58:11
1160,416,verified,2024-11-17 17:56:59
1161,53,sent_P,2024-07-26 00:06:19
1162,95,completed,2023-12-25 14:27:15
1163,267,completed,2024-03-14 13:45:50
1164,661,failed,2024-08-15 09:31:05
1165,187,failed,2024-07-30 04:18:04
1166,746,sent_P,2023-12-23 21:05:17
1167,732,failed,2024-07-06 18:37:55
1168,245,sent_E,2023-12-26 10:06:45
1169,998,failed,2024-07-05 06:18:10
1170,374,completed,2024-06-18 03:43:34
1171,268,sent_E,2024-05-30 02:40:33
1172,827,verified,2024-08-15 08:23:48
1173,712,sent_E,2023-12-12 18:56:52
1174,726,sent_E,2024-05-20 08:36:33
1175,247,completed,2024-07-03 01:16:48
1176,239,failed,2024-01-16 20:13:37
1177,105,initiated,2024-06-30 00:50:59
1178,394,sent_P,2024-06-28 17:18:46
1179,170,verified,2024-05-19 07:17:22
1180,296,completed,2024-02-13 21:04:42
1181,993,sent_P,2024-01-02 20:30:41
1182,905,sent_P,2024-07-22 13:26:36
1183,578,initiated,2024-11-28 15:37:20
1184,427,verified,2024-03-22 10:06:18
1185,62,verified,2024-08-15 02:17:52
1186,770,sent_P,2024-07-16 19:08:57
1187,255,completed,2024-08-08 11:13:25
1188,526,sent_E,2024-06-23 19:14:43
1189,638,failed,2023-12-23 21:54:34
1190,249,sent_E,2024-11-26 09:51:50
1191,827,completed,2024-09-05 00:11:41
1192,355,failed,2024-03-18 12:53:15
1193,933,failed,2024-03-13 07:41:00
1194,286,initiated,2023-12-24 13:41:07
1195,236,failed,2024-10-06 19:37:02
1196,219,verified,2024-10-17 02:37:15
1197,127,verified,2024-03-20 06:26:11
1198,731,sent_P,2024-11-07 11:06:05
1199,722,verified,2024-05-12 16:24:28
1200,345,failed,2024-08-31 05:55:56
1201,108,failed,2024-12-05 22:21:39
1202,550,sent_E,2024-04-04 11:50:09
1203,909,completed,2024-11-06 08:26:01
1204,113,failed,2024-09-08 03:55:06
1205,259,verified,2024-11-30 14:20:56
1206,985,initiated,2024-08-01 23:20:08
1207,444,completed,2023-12-21 06:13:33
1208,831,sent_P,2024-05-01 10:13:32
1209,471,failed,2024-06-28 12:39:07
1210,847,completed,2024-09-16 03:08:48
1211,391,completed,2024-09-04 07:01:15
1212,96,sent_P,2024-11-11 08:11:41
1213,516,initiated,2024-04-11 10:58:22
1214,65,verified,2024-03-05 06:05:37
1215,315,completed,2024-04-27 22:17:37
1216,57,verified,2024-02-22 04:11:53
1217,376,completed,2024-04-17 00:48:57
1218,260,initiated,2024-07-21 02:50:35
1219,681,initiated,2024-04-29 09:14:15
1220,35,initiated,2024-02-24 17:04:40
1221,480,sent_P,2024-04-24 17:03:29
1222,950,sent_E,2024-05-20 09:00:40
1223,532,completed,2024-08-11 17:04:53
1224,305,sent_E,2024-04-23 06:02:47
1225,622,sent_E,2023-12-15 22:09:34
1226,448,failed,2024-11-10 06:56:04
1227,990,sent_E,2024-04-02 07:53:06
1228,589,sent_E,2024-02-14 19:40:16
1229,825,initiated,2024-10-19 08:50:44
1230,46,sent_P,2024-11-14 15:01:23
1231,528,initiated,2024-11-20 19:04:01
1232,786,sent_P,2024-11-13 09:17:34
1233,278,initiated,2023-12-18 15:49:50
1234,540,sent_E,2023-12-26 09:33:10
1235,416,sent_P,2024-09-09 13:53:56
1236,960,completed,2024-06-21 07:56:05
1237,519,failed,2024-04-20 18:35:21
1238,254,sent_E,2024-02-08 18:19:28
1239,291,completed,2024-08-13 07:26:29
1240,798,verified,2023-12-31 18:06:35
1241,729,sent_E,2024-02-18 08:02:32
1242,231,sent_P,2024-04-22 03:15:59
1243,271,sent_E,2024-01-27 15:36:33
1244,791,sent_E,2024-12-05 00:42:15
1245,251,failed,2024-03-07 04:22:00
1246,157,completed,2024-05-06 13:56:01
1247,989,initiated,2024-08-27 11:08:24
1248,633,verified,2024-09-02 08:57:22
1249,173,completed,2024-11-29 22:09:45
1250,506,verified,2024-07-29 03:28:53
1251,945,completed,2024-01-16 00:31:51
1252,57,completed,2024-07-27 20:29:52
1253,232,sent_P,2024-04-02 06:28:41
1254,100,verified,2024-08-30 06:11:41
1255,371,sent_E,2024-07-29 18:30:22
1256,196,verified,2024-10-26 19:28:07
1257,298,initiated,2024-03-26 16:09:37
1258,409,initiated,2023-12-12 18:02:04
1259,604,completed,2024-09-09 11:34:37
1260,999,failed,2024-06-20 18:01:08
1261,419,completed,2024-06-19 11:40:29
1262,506,sent_E,2023-12-13 01:26:38
1263,285,sent_E,2024-01-16 19:56:32
1264,441,initiated,2024-10-23 04:57:44
1265,501,initiated,2024-02-29 05:58:43
1266,501,initiated,2024-07-15 16:31:56
1267,881,failed,2024-02-21 09:45:40
1268,461,completed,2024-03-01 05:03:32
1269,796,sent_P,2024-02-09 11:48:05
1270,71,sent_P,2024-01-27 17:23:41
1271,214,initiated,2024-10-05 11:27:24
1272,12,completed,2024-08-27 06:50:48
1273,619,completed,2024-10-19 15:49:11
1274,489,verified,2024-09-11 21:43:25
1275,960,verified,2024-10-13 19:41:33
1276,306,completed,2024-10-25 02:46:25
1277,209,verified,2024-09-11 21:50:46
1278,831,verified,2024-10-31 00:35:40
1279,569,sent_E,2024-04-15 14:50:11
1280,700,initiated,2024-06-02 17:05:39
1281,665,sent_E,2024-05-21 08:36:51
1282,333,sent_P,2024-10-11 19:29:01
1283,735,failed,2024-09-20 10:52:22
1284,772,initiated,2024-05-19 11:06:02
1285,430,verified,2024-09-22 12:51:29
1286,23,completed,2024-03-06 13:54:56
1287,807,failed,2024-01-29 07:55:46
1288,92,failed,2024-11-14 10:39:57
1289,429,completed,2024-10-14 14:18:08
1290,329,verified,2024-08-04 23:42:48
1291,18,completed,2024-06-22 03:15:16
1292,963,completed,2023-12-12 23:16:30
1293,528,completed,2024-10-11 16:41:57
1294,558,verified,2024-02-10 21:29:37
1295,220,sent_P,2024-01-22 02:42:15
1296,131,sent_P,2024-05-09 10:35:00
1297,410,sent_E,2024-09-26 00:43:03
1298,256,completed,2024-05-22 04:15:07
1299,514,sent_P,2024-06-26 11:19:07
1300,171,sent_P,2024-09-09 21:09:29
1301,625,verified,2024-11-09 07:08:36
1302,777,sent_E,2024-09-02 04:07:59
1303,291,verified,2024-01-13 06:45:02
1304,7,sent_E,2024-10-06 05:27:20
1305,890,failed,2024-04-15 06:38:03
1306,641,completed,2024-04-09 10:07:37
1307,294,initiated,2024-10-10 11:28:54
1308,250,sent_P,2024-01-02 11:09:18
1309,614,completed,2024-06-23 04:19:18
1310,168,verified,2024-01-14 02:28:03
1311,529,failed,2024-01-03 18:47:47
1312,395,sent_P,2024-08-27 07:15:59
1313,59,sent_E,2024-11-25 16:08:40
1314,152,initiated,2024-10-01 22:09:28
1315,606,sent_E,2024-04-17 03:36:43
1316,338,sent_E,2024-08-18 19:31:48
1317,108,sent_P,2024-10-18 04:22:11
1318,40,failed,2024-07-21 17:06:38
1319,526,failed,2024-10-24 04:50:08
1320,709,sent_P,2023-12-15 14:22:02
1321,866,sent_E,2024-10-31 21:51:50
1322,802,sent_E,2024-11-06 04:49:56
1323,315,verified,2024-04-08 21:17:27
1324,531,failed,2024-03-20 14:12:02
1325,343,failed,2024-03-25 13:50:42
1326,113,sent_E,2023-12-28 06:06:54
1327,636,sent_P,2024-11-14 19:28:34
1328,429,failed,2023-12-15 10:12:28
1329,541,sent_E,2024-11-24 15:51:47
1330,840,initiated,2024-10-27 14:00:13
1331,304,failed,2024-08-06 10:54:13
1332,285,failed,2024-04-12 02:54:29
1333,328,failed,2024-11-08 20:55:38
1334,573,completed,2024-08-12 13:37:41
1335,804,sent_E,2024-11-02 14:20:26
1336,496,completed,2023-12-18 23:17:12
1337,67,verified,2024-07-18 06:07:23
1338,277,verified,2024-10-13 06:50:52
1339,305,initiated,2024-11-24 00:56:48
1340,953,failed,2024-10-23 19:56:59
1341,242,completed,2024-06-05 13:00:03
1342,834,failed,2024-08-09 15:28:51
1343,341,sent_E,2024-01-02 16:42:47
1344,642,sent_E,2024-01-06 14:12:47
1345,536,completed,2024-11-18 07:15:12
1346,530,sent_P,2024-08-30 06:46:55
1347,374,sent_P,2024-03-31 02:23:58
1348,688,completed,2024-05-14 15:09:16
1349,135,initiated,2024-02-05 05:31:48
1350,378,completed,2024-04-24 14:07:18
1351,484,verified,2024-06-22 22:05:22
1352,937,verified,2024-02-22 15:57:01
1353,628,sent_P,2024-01-25 08:39:27
1354,188,failed,2024-02-10 18:10:17
1355,315,completed,2024-11-23 16:25:16
1356,65,failed,2024-04-23 16:04:50
1357,248,sent_P,2024-01-23 15:21:24
1358,874,completed,2024-02-28 13:30:10
1359,106,sent_P,2024-03-05 06:31:09
1360,873,verified,2023-12-14 01:55:18
1361,237,sent_E,2024-02-26 19:53:04
1362,824,completed,2024-01-24 00:49:26
1363,556,sent_P,2024-09-28 08:47:31
1364,752,failed,2024-10-12 22:10:02
1365,944,verified,2024-10-04 06:57:58
1366,530,sent_P,2024-06-11 03:00:58
1367,725,sent_E,2024-08-03 02:29:04
1368,327,verified,2024-09-21 15:02:03
1369,933,verified,2024-04-12 17:55:55
1370,433,verified,2024-09-24 03:38:23
1371,3,initiated,2024-08-26 11:11:23
1372,727,verified,2024-06-08 15:03:25
1373,467,failed,2024-04-01 22:37:58
1374,339,verified,2024-11-06 15:48:00
1375,231,completed,2024-06-15 17:12:47
1376,217,sent_P,2024-08-19 11:23:44
1377,296,initiated,2024-12-07 08:52:13
1378,937,completed,2024-07-12 02:12:39
1379,977,failed,2024-01-23 04:19:00
1380,862,sent_E,2024-01-18 08:27:28
1381,16,verified,2024-04-16 22:04:24
1382,465,completed,2024-10-20 10:33:52
1383,310,initiated,2024-10-06 11:59:27
1384,89,initiated,2024-06-25 18:46:45
1385,864,completed,2024-02-12 13:36:37
1386,653,failed,2024-07-06 09:45:36
1387,364,sent_E,2024-05-24 14:15:50
1388,313,sent_P,2024-01-10 15:47:53
1389,980,verified,2024-06-13 06:57:12
1390,14,completed,2024-07-27 13:22:37
1391,653,sent_E,2024-01-15 19:29:50
1392,390,sent_E,2023-12-16 17:03:39
1393,665,verified,2024-07-31 10:29:53
1394,255,failed,2024-08-14 01:28:54
1395,430,completed,2024-07-19 21:11:11
1396,783,completed,2024-03-14 21:53:14
1397,898,verified,2024-04-24 02:51:32
1398,412,completed,2024-11-05 14:21:52
1399,280,failed,2024-12-10 00:59:18
1400,121,sent_P,2024-10-23 17:48:20
1401,730,failed,2024-01-08 21:37:55
1402,570,completed,2024-03-29 13:56:26
1403,956,sent_P,2024-08-21 15:14:20
1404,606,completed,2024-02-19 01:09:27
1405,774,verified,2024-04-06 09:01:47
1406,124,initiated,2024-01-16 11:54:54
1407,960,failed,2024-11-01 22:34:12
1408,463,initiated,2024-09-10 19:58:14
1409,777,verified,2024-11-25 07:57:16
1410,38,sent_E,2024-07-13 08:41:05
1411,591,verified,2024-07-14 14:01:00
1412,104,completed,2024-07-15 18:54:46
1413,992,sent_P,2024-07-16 00:54:27
1414,607,completed,2024-08-28 13:34:43
1415,992,failed,2024-10-12 15:26:56
1416,937,sent_P,2024-05-13 05:33:35
1417,258,sent_P,2024-09-09 23:56:50
1418,111,failed,2024-09-14 22:36:00
1419,454,initiated,2024-09-30 17:52:48
1420,573,sent_E,2024-02-02 08:18:30
1421,148,sent_E,2024-07-25 01:27:38
1422,614,failed,2024-01-21 08:21:26
1423,677,sent_E,2024-03-01 13:03:54
1424,334,sent_P,2024-09-06 19:58:33
1425,891,sent_E,2024-08-14 09:55:41
1426,891,completed,2024-04-28 00:10:45
1427,220,verified,2024-10-18 06:05:34
1428,319,failed,2024-04-24 13:16:57
1429,703,initiated,2024-11-23 20:53:44
1430,143,sent_E,2024-10-12 13:30:17
1431,643,failed,2024-05-07 10:30:23
1432,298,completed,2024-11-07 08:17:21
1433,285,completed,2024-03-06 18:55:10
1434,168,sent_E,2024-08-29 16:37:07
1435,40,failed,2024-03-14 08:55:36
1436,611,sent_P,2024-08-01 04:39:45
1437,687,failed,2024-01-10 00:14:07
1438,100,completed,2024-05-01 01:18:34
1439,310,completed,2024-03-30 21:19:05
1440,592,initiated,2024-05-29 07:03:46
1441,944,sent_P,2024-07-05 17:14:31
1442,605,sent_E,2024-08-03 05:46:23
1443,249,failed,2024-07-11 22:11:55
1444,407,sent_P,2024-05-20 11:29:57
1445,4,sent_E,2024-04-11 21:57:58
1446,963,sent_P,2024-08-09 04:27:01
1447,923,sent_E,2024-05-16 16:38:10
1448,188,failed,2024-07-07 01:14:21
1449,501,verified,2024-09-12 02:47:04
1450,591,initiated,2024-01-20 16:57:04
1451,272,verified,2024-06-03 08:21:13
1452,16,completed,2024-11-17 22:19:59
1453,847,completed,2024-04-03 17:48:06
1454,843,sent_E,2024-05-07 04:59:13
1455,186,sent_E,2024-07-05 20:13:54
1456,264,completed,2024-09-10 19:42:48
1457,28,completed,2024-07-01 03:48:52
1458,652,sent_P,2023-12-22 08:06:06
1459,182,sent_E,2024-06-29 10:44:54
1460,551,completed,2024-05-27 03:02:37
1461,52,verified,2024-09-16 15:01:47
1462,724,sent_E,2024-12-01 19:22:16
1463,175,sent_E,2024-10-21 19:35:55
1464,309,verified,2024-01-08 03:09:40
1465,32,sent_P,2024-04-29 00:17:19
1466,120,verified,2024-01-22 17:14:13
1467,451,initiated,2024-06-17 00:32:12
1468,144,sent_E,2024-03-22 00:41:49
1469,382,sent_P,2024-08-29 18:10:23
1470,107,failed,2024-12-04 23:50:09
1471,970,initiated,2024-04-02 16:43:55
1472,522,failed,2024-10-31 23:08:29
1473,858,verified,2024-07-16 13:26:36
1474,158,failed,2024-10-18 09:33:10
1475,541,sent_P,2024-03-23 04:40:24
1476,336,sent_E,2024-08-17 03:33:36
1477,37,sent_P,2023-12-23 05:55:09
1478,99,sent_P,2024-10-29 08:44:41
1479,315,initiated,2024-02-27 15:08:37
1480,248,initiated,2024-11-21 04:04:02
1481,969,verified,2024-04-08 21:54:20
1482,796,sent_E,2024-10-14 15:27:54
1483,10,failed,2024-04-28 03:47:19
1484,891,verified,2024-04-22 08:11:31
1485,984,failed,2024-12-05 16:24:55
1486,851,verified,2024-10-18 07:04:42
1487,738,sent_E,2024-04-12 01:18:04
1488,827,initiated,2024-07-12 23:10:56
1489,612,failed,2024-04-22 03:50:02
1490,557,sent_E,2024-01-29 17:39:20
1491,154,completed,2024-06-12 19:25:33
1492,405,initiated,2024-09-15 12:05:47
1493,116,sent_P,2024-07-23 16:50:25
1494,443,initiated,2024-01-23 02:56:03
1495,249,verified,2024-06-26 08:04:50
1496,940,sent_P,2024-02-24 09:46:00
1497,340,sent_E,2024-11-21 17:03:35
1498,482,failed,2024-05-10 00:27:25
1499,882,failed,2024-04-19 04:45:06
1500,940,initiated,2024-07-31 13:00:09
1501,688,initiated,2024-04-15 23:36:18
1502,809,initiated,2024-03-21 21:41:08
1503,201,failed,2024-09-10 12:29:42
1504,337,failed,2024-09-27 19:09:53
1505,620,completed,2024-11-16 23:37:10
1506,964,initiated,2024-10-20 21:20:47
1507,478,failed,2024-02-06 10:03:01
1508,342,sent_P,2024-04-14 12:57:17
1509,987,failed,2024-07-08 11:52:32
1510,143,sent_E,2024-06-06 23:10:31
1511,582,completed,2024-11-05 04:57:48
1512,555,sent_E,2024-09-28 19:19:03
1513,618,completed,2024-06-08 04:49:50
1514,444,verified,2024-08-01 05:48:58
1515,744,completed,2024-08-01 02:34:15
1516,123,completed,2024-04-06 19:15:31
1517,197,sent_P,2024-09-21 06:44:00
1518,19,initiated,2023-12-31 22:19:34
1519,359,initiated,2024-10-14 23:56:28
1520,553,failed,2024-05-06 19:08:37
1521,177,verified,2024-07-22 07:01:36
1522,488,sent_E,2024-07-03 06:43:22
1523,841,completed,2024-01-16 17:22:10
1524,117,sent_E,2024-06-13 20:47:32
1525,12,sent_P,2023-12-13 23:09:21
1526,642,sent_P,2024-11-09 01:37:21
1527,378,failed,2024-06-01 03:33:04
1528,596,sent_E,2024-01-04 17:57:50
1529,866,verified,2024-10-17 17:04:27
1530,887,completed,2024-06-17 12:41:26
1531,633,sent_E,2024-04-24 17:22:30
1532,28,sent_P,2024-03-02 02:39:53
1533,708,initiated,2024-03-17 08:20:45
1534,476,initiated,2024-06-03 23:22:19
1535,93,initiated,2024-12-03 23:35:02
1536,190,sent_P,2024-01-03 03:16:25
1537,714,completed,2024-08-11 09:39:01
1538,373,initiated,2024-05-20 13:52:02
1539,442,completed,2024-11-08 22:08:02
1540,2,verified,2024-11-01 09:52:35
1541,426,verified,2024-06-23 08:37:17
1542,20,verified,2024-01-23 14:25:00
1543,770,failed,2024-10-22 03:11:16
1544,125,verified,2024-11-29 06:25:49
1545,221,completed,2024-07-31 08:33:34
1546,553,sent_E,2024-12-02 21:28:35
1547,193,failed,2024-06-13 07:13:08
1548,514,failed,2024-04-06 11:47:28
1549,989,verified,2024-11-10 03:46:30
1550,807,sent_E,2024-06-14 15:16:40
1551,400,sent_E,2024-08-14 13:36:51
1552,151,completed,2024-10-06 22:14:58
1553,13,failed,2024-02-01 20:21:54
1554,984,sent_E,2024-02-10 11:32:25
1555,99,failed,2024-08-17 19:29:20
1556,71,initiated,2024-08-18 11:10:01
1557,298,verified,2023-12-30 07:21:29
1558,403,sent_E,2024-08-07 01:41:02
1559,192,completed,2024-07-14 23:47:04
1560,814,sent_E,2024-10-19 23:15:05
1561,705,completed,2024-11-14 12:46:46
1562,890,failed,2024-10-25 09:24:00
1563,214,sent_E,2024-05-06 15:44:02
1564,290,completed,2024-02-06 13:20:43
1565,603,completed,2024-06-20 06:02:22
1566,732,failed,2024-09-21 23:12:22
1567,837,verified,2024-10-17 23:52:12
1568,558,failed,2024-06-24 20:38:45
1569,4,verified,2024-11-28 10:38:35
1570,884,sent_P,2024-04-05 20:17:50
1571,353,sent_E,2024-12-09 02:05:15
1572,122,failed,2024-01-02 01:52:59
1573,137,sent_P,2024-01-10 14:11:49
1574,557,completed,2024-03-08 13:18:41
1575,495,sent_E,2024-02-13 11:51:28
1576,467,initiated,2024-03-17 00:04:01
1577,785,initiated,2024-09-21 04:23:21
1578,697,sent_P,2024-07-22 00:36:16
1579,321,verified,2024-05-19 07:51:45
1580,727,sent_E,2024-07-16 12:18:54
1581,484,completed,2024-11-27 13:42:29
1582,915,sent_P,2024-04-29 12:45:26
1583,155,completed,2024-06-04 09:25:45
1584,790,sent_P,2024-10-28 21:30:04
1585,559,initiated,2023-12-19 19:01:18
1586,103,sent_E,2023-12-19 08:50:59
1587,764,sent_E,2024-07-13 08:07:11
1588,145,verified,2024-09-26 03:01:51
1589,240,failed,2024-06-29 12:34:00
1590,184,sent_P,2024-07-05 20:44:15
1591,134,completed,2024-11-12 09:53:13
1592,862,initiated,2024-08-12 17:21:56
1593,690,sent_P,2023-12-12 03:27:09
1594,746,sent_P,2023-12-17 01:16:30
1595,350,sent_E,2024-09-17 22:56:41
1596,693,initiated,2024-03-02 04:56:58
1597,544,completed,2024-04-03 10:04:37
1598,178,completed,2024-09-06 08:12:14
1599,342,completed,2024-08-12 18:51:07
1600,823,failed,2023-12-13 22:56:38
1601,140,completed,2024-03-02 13:19:58
1602,554,verified,2024-04-12 09:23:07
1603,451,initiated,2024-02-10 19:31:07
1604,489,sent_E,2024-08-26 15:48:38
1605,407,verified,2024-11-10 08:35:15
1606,992,initiated,2024-07-28 22:18:08
1607,610,completed,2024-03-24 01:20:59
1608,538,initiated,2024-08-03 08:53:15
1609,746,verified,2024-01-04 00:13:19
1610,781,verified,2024-02-06 08:14:03
1611,226,initiated,2024-02-05 23:36:54
1612,477,sent_E,2023-12-16 04:55:50
1613,921,verified,2024-10-22 06:59:09
1614,133,completed,2024-03-30 01:09:57
1615,192,initiated,2024-11-26 22:10:22
1616,325,initiated,2024-06-27 00:15:04
1617,113,initiated,2024-08-18 23:51:34
1618,298,failed,2024-09-03 17:41:35
1619,235,sent_P,2024-01-22 16:31:52
1620,901,completed,2024-04-15 08:15:54
1621,242,initiated,2024-02-27 12:02:13
1622,997,verified,2024-03-05 09:28:12
1623,992,failed,2024-07-30 04:04:56
1624,714,failed,2024-10-29 17:29:07
1625,255,sent_P,2024-01-27 01:31:01
1626,765,sent_P,2024-10-09 19:01:50
1627,955,sent_E,2024-06-03 00:22:28
1628,902,sent_E,2024-10-27 00:32:34
1629,245,failed,2024-01-10 23:33:37
1630,161,failed,2024-11-01 23:56:36
1631,834,sent_P,2024-05-21 22:11:45
1632,182,sent_E,2023-12-30 08:33:31
1633,101,initiated,2024-08-07 12:15:24
1634,611,completed,2024-01-26 15:36:27
1635,352,completed,2024-03-25 05:55:28
1636,139,sent_E,2024-03-01 19:57:59
1637,640,verified,2024-11-29 04:13:48
1638,120,sent_P,2024-10-28 10:33:10
1639,288,verified,2024-03-22 06:01:23
1640,279,verified,2024-01-16 01:47:21
1641,744,failed,2024-01-17 15:06:12
1642,297,completed,2024-04-06 13:12:43
1643,552,completed,2024-07-30 13:41:22
1644,975,sent_P,2024-01-30 11:12:50
1645,716,initiated,2024-10-10 18:26:24
1646,275,verified,2024-09-03 19:33:45
1647,264,sent_P,2024-09-13 04:03:42
1648,775,verified,2024-02-13 19:01:25
1649,477,sent_P,2024-01-22 22:53:48
1650,843,sent_E,2024-05-17 14:21:33
1651,498,failed,2024-08-15 03:16:10
1652,531,failed,2024-02-06 13:33:42
1653,575,completed,2024-01-27 18:17:24
1654,52,sent_P,2024-03-08 08:05:36
1655,208,sent_E,2024-02-15 16:12:47
1656,261,initiated,2024-04-02 08:38:17
1657,980,completed,2023-12-18 06:38:08
1658,508,verified,2024-05-23 01:29:53
1659,823,sent_E,2024-01-30 14:02:01
1660,253,sent_E,2024-02-06 08:49:23
1661,1000,verified,2024-10-29 20:31:06
1662,597,sent_E,2024-05-21 07:59:09
1663,276,sent_P,2024-08-24 01:23:22
1664,46,failed,2024-06-04 02:52:03
1665,741,failed,2024-12-01 21:44:02
1666,249,sent_E,2023-12-27 09:35:26
1667,164,sent_E,2024-03-31 15:25:52
1668,641,initiated,2024-10-07 04:12:13
1669,666,sent_P,2024-04-03 03:59:11
1670,266,sent_P,2024-02-28 07:55:13
1671,741,sent_P,2024-01-26 19:57:24
1672,609,completed,2023-12-28 22:08:16
1673,77,sent_P,2024-02-29 10:32:51
1674,566,sent_E,2024-01-09 23:53:43
1675,756,verified,2024-06-17 20:54:29
1676,4,failed,2024-05-24 12:54:58
1677,468,completed,2024-06-11 09:10:00
1678,609,sent_E,2024-01-20 13:04:16
1679,817,sent_E,2024-11-24 16:43:24
1680,545,sent_E,2024-01-22 14:36:23
1681,850,failed,2024-07-28 08:43:41
1682,209,initiated,2024-04-11 04:24:20
1683,231,verified,2024-09-05 14:23:55
1684,163,sent_E,2024-07-01 12:44:24
1685,560,initiated,2024-11-02 18:13:55
1686,370,sent_P,2024-11-04 01:35:38
1687,39,sent_P,2024-01-06 10:00:26
1688,740,initiated,2024-08-29 22:25:26
1689,701,initiated,2024-08-04 19:37:20
1690,540,completed,2024-08-24 07:30:35
1691,813,sent_P,2024-04-23 13:01:29
1692,486,verified,2024-07-28 00:22:03
1693,917,verified,2024-02-08 21:29:33
1694,607,completed,2024-06-28 15:44:25
1695,338,verified,2024-05-02 05:38:41
1696,291,verified,2024-11-16 03:47:47
1697,678,failed,2024-10-26 08:20:23
1698,565,sent_P,2024-02-20 23:10:38
1699,335,sent_P,2024-10-23 14:33:03
1700,520,failed,2024-05-20 19:58:21
1701,600,failed,2024-02-16 05:40:10
1702,552,failed,2024-08-10 19:24:29
1703,29,verified,2024-09-15 13:26:27
1704,596,completed,2024-11-25 17:18:00
1705,248,sent_P,2024-03-26 09:05:11
1706,954,initiated,2024-09-26 11:37:17
1707,792,sent_P,2024-09-24 17:53:50
1708,213,completed,2024-09-02 14:36:44
1709,863,initiated,2024-01-14 00:41:27
1710,463,failed,2024-06-07 21:32:37
1711,791,completed,2024-03-22 21:50:49
1712,557,sent_E,2024-08-13 15:09:32
1713,83,initiated,2024-05-21 21:26:41
1714,352,failed,2024-01-06 23:49:05
1715,739,verified,2023-12-25 06:45:48
1716,350,verified,2024-02-21 17:57:01
1717,74,completed,2024-12-05 19:01:56
1718,592,failed,2024-08-07 23:59:53
1719,376,initiated,2024-07-25 22:12:40
1720,664,completed,2024-02-29 03:02:51
1721,249,completed,2024-09-24 21:16:42
1722,292,failed,2024-08-29 12:56:36
1723,277,initiated,2024-01-13 22:57:10
1724,381,sent_P,2024-08-31 06:05:22
1725,403,sent_E,2024-07-27 14:50:16
1726,609,completed,2024-09-19 11:01:18
1727,256,sent_P,2024-11-02 14:39:16
1728,186,completed,2023-12-29 13:18:47
1729,485,sent_P,2024-09-06 08:11:59
1730,402,verified,2023-12-26 10:48:21
1731,959,sent_E,2024-08-24 05:32:18
1732,257,sent_P,2024-08-25 04:23:14
1733,119,initiated,2024-02-07 21:18:11
1734,113,failed,2024-01-27 07:03:50
1735,755,sent_E,2024-05-24 17:16:59
1736,27,sent_E,2024-09-01 11:25:33
1737,726,sent_E,2024-11-24 11:34:17
1738,7,failed,2024-01-15 16:53:21
1739,659,verified,2024-09-08 20:32:06
1740,451,failed,2024-07-29 11:44:21
1741,713,verified,2024-08-10 02:20:23
1742,104,completed,2024-04-15 17:43:32
1743,880,sent_E,2024-02-07 04:40:50
1744,161,sent_E,2024-03-13 03:06:10
1745,370,verified,2024-02-24 21:47:31
1746,741,sent_E,2024-07-29 07:27:25
1747,709,completed,2024-11-05 19:19:01
1748,843,initiated,2024-02-07 16:58:08
1749,79,completed,2023-12-10 23:57:03
1750,468,initiated,2024-05-24 16:23:17
1751,5,completed,2024-10-15 05:18:16
1752,649,verified,2024-10-28 13:24:13
1753,306,sent_E,2024-05-28 19:16:39
1754,191,verified,2024-07-27 00:41:31
1755,541,initiated,2024-01-02 16:55:20
1756,231,completed,2024-01-14 00:08:46
1757,198,sent_E,2024-01-20 00:51:00
1758,60,sent_E,2024-01-22 14:18:17
1759,537,verified,2024-11-30 16:21:47
1760,612,verified,2024-10-05 14:12:01
1761,46,verified,2024-06-05 21:37:46
1762,714,completed,2024-02-18 10:05:47
1763,637,failed,2024-11-11 17:52:22
1764,321,verified,2024-07-14 19:31:53
1765,168,verified,2024-07-23 00:20:19
1766,501,sent_P,2024-01-11 06:13:48
1767,376,initiated,2024-07-24 05:06:30
1768,267,failed,2024-02-11 23:57:20
1769,404,failed,2024-07-14 22:26:13
1770,935,verified,2024-10-04 08:36:36
1771,242,completed,2024-10-03 00:11:25
1772,932,initiated,2024-05-30 19:17:32
1773,707,sent_P,2024-07-06 14:43:33
1774,668,initiated,2024-11-03 02:19:57
1775,174,failed,2024-07-24 20:39:45
1776,508,sent_P,2023-12-30 05:38:39
1777,304,sent_E,2024-10-02 17:03:14
1778,138,verified,2024-10-20 22:45:59
1779,335,verified,2024-09-17 11:24:58
1780,515,verified,2024-10-19 17:04:34
1781,130,initiated,2024-02-06 03:11:32
1782,71,sent_E,2024-04-19 04:53:44
1783,936,initiated,2024-09-05 06:35:50
1784,740,sent_P,2024-11-07 14:45:49
1785,633,sent_E,2024-07-18 22:57:55
1786,374,initiated,2024-07-06 12:35:22
1787,163,failed,2024-04-27 15:28:08
1788,732,failed,2023-12-22 16:01:44
1789,58,verified,2024-12-08 05:40:15
1790,761,verified,2024-10-19 09:47:14
1791,207,failed,2024-04-15 05:03:40
1792,234,initiated,2024-12-06 01:19:59
1793,189,initiated,2024-12-05 12:47:45
1794,688,sent_E,2024-04-19 09:08:52
1795,597,verified,2024-06-11 20:04:38
1796,728,completed,2024-02-06 03:52:13
1797,800,verified,2024-06-03 03:57:42
1798,985,sent_E,2024-05-20 01:29:38
1799,309,verified,2024-06-30 19:07:36
1800,396,sent_E,2024-01-03 15:33:35
1801,438,completed,2024-09-08 08:58:25
1802,979,initiated,2024-01-21 18:36:27
1803,779,initiated,2024-07-08 04:02:38
1804,427,verified,2024-03-16 23:41:20
1805,369,failed,2024-09-24 22:03:04
1806,410,sent_P,2024-10-14 08:02:33
1807,228,failed,2024-11-11 02:52:14
1808,338,initiated,2024-09-14 19:24:01
1809,486,sent_E,2024-10-28 14:04:34
1810,403,sent_P,2024-02-21 18:42:27
1811,457,sent_E,2024-08-24 15:02:34
1812,908,initiated,2024-09-10 22:25:02
1813,808,sent_P,2024-03-26 16:13:18
1814,586,failed,2024-02-07 17:38:29
1815,447,initiated,2024-07-14 10:58:57
1816,646,sent_P,2024-08-17 04:47:40
1817,457,sent_P,2024-01-28 01:20:55
1818,954,sent_P,2024-08-12 10:09:35
1819,213,failed,2024-03-07 18:55:23
1820,824,sent_E,2024-08-05 22:00:42
1821,407,completed,2024-03-04 21:31:34
1822,609,initiated,2024-05-05 11:29:36
1823,236,failed,2024-09-02 07:31:37
1824,435,failed,2024-04-22 12:43:09
1825,728,initiated,2024-04-22 12:50:02
1826,258,initiated,2024-07-15 15:34:35
1827,792,verified,2024-06-05 03:35:46
1828,117,sent_E,2024-02-20 12:57:50
1829,616,verified,2024-02-07 11:46:29
1830,913,completed,2024-08-14 20:15:04
1831,211,sent_E,2024-01-17 06:29:03
1832,838,failed,2024-04-20 00:28:46
1833,440,initiated,2024-09-14 23:11:59
1834,254,verified,2024-06-03 02:05:42
1835,552,verified,2024-05-15 23:52:08
1836,467,sent_P,2024-06-04 08:12:09
1837,205,failed,2024-04-29 15:46:04
1838,100,failed,2024-03-07 21:35:47
1839,423,verified,2024-08-19 02:46:00
1840,668,verified,2024-10-19 19:51:41
1841,222,completed,2024-05-27 18:58:30
1842,340,initiated,2024-08-01 21:23:05
1843,886,initiated,2024-08-02 00:15:46
1844,664,verified,2024-01-25 01:24:40
1845,306,verified,2024-01-31 11:14:15
1846,254,completed,2024-02-11 17:36:39
1847,603,initiated,2024-06-01 22:28:55
1848,537,sent_P,2024-05-23 13:58:14
1849,340,initiated,2024-02-08 15:30:17
1850,696,verified,2024-11-29 01:21:31
1851,860,sent_E,2024-09-03 08:41:42
1852,257,completed,2024-02-14 18:00:17
1853,728,failed,2024-11-21 11:56:21
1854,731,verified,2024-05-28 00:10:12
1855,690,verified,2024-09-26 16:49:17
1856,856,verified,2024-08-23 21:45:17
1857,876,verified,2024-04-28 13:58:10
1858,142,sent_E,2024-05-30 02:28:09
1859,53,verified,2024-10-04 20:54:37
1860,649,failed,2024-07-17 20:05:18
1861,876,initiated,2024-07-12 21:59:28
1862,132,sent_E,2024-06-13 19:39:13
1863,928,initiated,2023-12-31 16:13:49
1864,719,failed,2024-03-25 20:32:51
1865,160,initiated,2024-01-05 03:35:35
1866,737,failed,2024-06-21 22:07:20
1867,297,sent_P,2024-07-05 21:11:03
1868,778,sent_P,2024-10-10 23:05:05
1869,25,initiated,2023-12-10 22:06:02
1870,820,sent_P,2024-09-01 08:00:28
1871,445,sent_P,2024-01-19 02:26:13
1872,290,sent_E,2024-07-22 08:02:21
1873,810,sent_P,2024-10-02 09:57:09
1874,477,sent_P,2024-08-09 14:37:09
1875,685,initiated,2024-05-24 23:00:47
1876,700,sent_P,2024-06-04 13:17:56
1877,37,sent_P,2024-07-27 23:17:11
1878,244,initiated,2024-03-11 04:14:31
1879,554,completed,2024-04-09 09:28:19
1880,242,sent_E,2024-06-20 15:25:54
1881,808,verified,2024-12-01 19:26:14
1882,351,initiated,2024-06-22 02:53:29
1883,921,failed,2024-04-08 20:38:24
1884,181,verified,2024-07-28 19:10:24
1885,219,completed,2024-02-20 17:11:16
1886,278,initiated,2024-10-30 12:22:08
1887,433,completed,2024-01-18 11:18:47
1888,727,failed,2024-04-10 22:11:39
1889,783,sent_P,2024-10-13 01:37:08
1890,754,initiated,2024-09-18 06:56:41
1891,388,sent_E,2024-02-11 10:59:23
1892,261,sent_E,2024-04-25 15:04:55
1893,60,sent_E,2024-04-30 09:54:16
1894,432,sent_E,2024-07-21 02:11:09
1895,716,sent_E,2024-09-06 04:48:27
1896,554,failed,2024-01-04 14:46:07
1897,371,sent_P,2024-02-21 05:48:31
1898,127,sent_E,2024-09-17 04:25:07
1899,571,initiated,2024-09-23 14:49:21
1900,604,initiated,2024-02-23 19:47:08
1901,429,completed,2024-03-17 11:39:27
1902,604,verified,2024-08-31 11:14:49
1903,981,failed,2024-05-04 06:28:05
1904,408,initiated,2024-03-09 02:56:48
1905,34,sent_E,2024-03-29 14:02:22
1906,87,sent_P,2024-06-29 01:30:44
1907,339,sent_P,2024-01-01 00:01:05
1908,294,sent_P,2024-08-27 06:40:05
1909,36,sent_E,2024-04-29 22:46:00
1910,735,initiated,2023-12-13 00:58:38
1911,328,failed,2024-08-06 03:20:01
1912,111,failed,2024-10-12 17:26:15
1913,697,completed,2024-10-09 14:16:44
1914,695,failed,2023-12-22 11:16:06
1915,263,sent_E,2024-02-22 18:59:53
1916,380,completed,2024-10-31 00:13:36
1917,81,verified,2024-07-29 09:57:48
1918,281,completed,2024-10-17 19:40:55
1919,129,completed,2024-07-17 15:41:21
1920,556,completed,2024-03-20 15:11:14
1921,739,completed,2024-04-11 21:58:54
1922,550,verified,2024-01-13 12:35:06
1923,109,verified,2024-09-12 04:33:09
1924,720,verified,2024-05-16 21:29:13
1925,195,verified,2024-05-18 19:33:55
1926,247,completed,2024-06-29 03:38:40
1927,502,failed,2024-05-21 18:32:03
1928,797,sent_P,2024-02-15 16:30:13
1929,748,verified,2024-05-18 02:16:18
1930,944,sent_P,2024-02-24 12:43:03
1931,786,sent_P,2024-09-26 11:23:49
1932,271,initiated,2024-04-03 21:13:55
1933,638,failed,2024-02-14 09:47:29
1934,710,completed,2024-06-20 20:33:15
1935,180,verified,2024-10-22 06:04:57
1936,547,completed,2024-11-10 06:15:57
1937,888,sent_E,2024-06-23 09:03:37
1938,427,sent_P,2024-06-19 05:46:55
1939,326,sent_E,2024-02-05 03:47:55
1940,443,completed,2024-08-26 01:28:50
1941,535,sent_P,2024-11-21 19:28:05
1942,93,completed,2024-11-14 13:43:18
1943,485,sent_P,2023-12-31 13:54:47
1944,592,initiated,2024-04-18 08:29:38
1945,956,completed,2024-01-16 21:07:42
1946,757,completed,2024-11-02 08:38:42
1947,600,completed,2024-04-30 14:37:53
1948,282,initiated,2024-04-16 11:44:22
1949,953,initiated,2024-08-17 18:31:59
1950,476,completed,2024-01-20 14:43:03
1951,635,failed,2024-06-05 12:05:29
1952,873,initiated,2024-01-24 06:56:12
1953,982,sent_P,2024-05-17 16:10:00
1954,490,failed,2024-09-17 13:03:30
1955,572,verified,2024-04-08 04:36:21
1956,675,sent_E,2024-11-30 16:00:49
1957,359,failed,2024-05-10 19:29:45
1958,819,failed,2024-05-14 22:47:07
1959,922,sent_P,2024-05-16 20:07:43
1960,112,sent_P,2024-06-23 11:35:31
1961,615,verified,2024-05-20 05:55:50
1962,247,completed,2024-06-26 07:35:00
1963,226,failed,2024-07-07 00:27:24
1964,597,initiated,2024-10-20 04:13:02
1965,151,initiated,2024-09-02 21:12:04
1966,766,verified,2024-07-12 05:42:13
1967,661,verified,2024-08-27 13:14:10
1968,236,completed,2024-08-17 06:36:46
1969,320,completed,2024-05-15 14:01:49
1970,792,failed,2024-10-26 23:27:24
1971,963,sent_P,2024-07-15 05:34:25
1972,46,verified,2024-04-06 21:18:08
1973,898,completed,2024-05-17 19:14:48
1974,499,initiated,2024-09-17 19:19:41
1975,182,failed,2023-12-22 01:07:16
1976,307,sent_P,2024-04-26 15:16:22
1977,543,failed,2024-04-02 10:31:24
1978,834,verified,2024-10-23 12:39:27
1979,999,initiated,2024-11-04 07:58:05
1980,22,completed,2024-11-13 17:29:55
1981,860,sent_P,2024-05-07 17:58:56
1982,968,completed,2024-03-06 10:35:32
1983,72,sent_P,2024-03-29 17:09:09
1984,771,sent_P,2024-02-29 10:12:10
1985,890,sent_P,2024-03-16 14:26:04
1986,51,failed,2023-12-21 08:12:44
1987,776,initiated,2023-12-20 02:34:24
1988,785,completed,2024-07-13 14:27:05
1989,24,sent_P,2024-12-02 14:40:45
1990,131,initiated,2024-07-31 23:03:46
1991,871,sent_E,2024-11-19 20:48:39
1992,630,failed,2024-05-07 23:09:35
1993,441,sent_E,2024-07-01 20:06:43
1994,835,sent_E,2023-12-31 21:19:44
1995,146,verified,2024-11-26 08:01:00
1996,691,initiated,2024-06-28 18:13:09
1997,288,completed,2024-06-02 10:15:13
1998,557,failed,2024-06-05 20:15:40
1999,123,initiated,2024-04-01 13:05:09
2000,771,sent_P,2023-12-31 06:04:25
