1,115,182,43.61,2024-06-29 16:33:08
2,395,644,86.33,2024-03-25 07:05:23
3,923,286,96.25,2024-07-02 20:12:57
4,924,919,45.74,2024-06-30 12:05:02
5,672,557,89.62,2024-06-19 03:50:12
6,630,235,48.99,2024-06-26 04:11:17
7,156,522,54.83,2024-08-01 21:49:34
8,458,699,55.11,2024-05-18 12:35:11
9,951,10,81.37,2024-05-17 21:11:01
10,795,532,71.56,2024-08-21 17:46:43
11,20,619,96.64,2024-06-30 15:20:10
12,142,634,15.1,2024-08-28 22:38:14
13,547,82,60.81,2024-06-20 04:56:33
14,507,295,80.53,2024-06-17 22:13:24
15,586,485,70.85,2024-06-06 03:07:44
16,915,1,77.1,2023-12-27 06:27:14
17,144,822,27.12,2024-10-17 17:20:27
18,776,938,10.31,2024-07-07 13:21:20
19,834,548,10.36,2024-05-24 01:58:33
20,89,566,40.82,2024-07-20 22:50:09
21,650,235,69.98,2024-03-24 12:04:51
22,230,612,72.12,2024-09-20 04:17:01
23,819,673,30.24,2024-05-24 23:03:43
24,906,147,95.54,2024-02-07 00:58:54
25,667,284,65.31,2024-07-07 08:53:46
26,360,574,78.94,2023-12-22 15:16:09
27,164,391,49.83,2024-04-06 19:11:23
28,695,216,44.27,2024-03-27 04:28:01
29,352,500,36.65,2024-07-27 18:02:08
30,224,568,55.3,2024-09-28 12:16:06
31,7,279,71.54,2024-11-16 07:28:27
32,365,665,76.46,2024-08-04 16:22:04
33,836,473,83.78,2024-04-12 08:43:57
34,426,967,44.56,2023-12-11 01:33:16
35,669,464,33.3,2024-02-27 19:45:45
36,425,775,62.89,2024-06-17 11:47:44
37,955,35,11.11,2024-01-19 03:30:29
38,985,30,76.89,2024-12-03 05:43:40
39,655,314,91.58,2024-06-05 09:45:20
40,466,401,54.59,2023-12-22 01:41:01
41,949,479,41.93,2024-02-29 20:07:01
42,666,133,31.8,2024-09-06 23:57:26
43,517,665,58.02,2024-03-02 01:07:26
44,856,921,92.53,2024-08-27 20:03:15
45,375,552,29.87,2024-08-09 03:50:36
46,564,535,85.21,2024-11-13 04:49:01
47,358,949,78.39,2024-11-25 10:13:14
48,639,365,78.48,2024-01-09 05:08:02
49,855,783,69.84,2024-11-11 07:09:30
50,660,943,27.28,2024-08-29 20:45:54
51,394,261,54.92,2024-07-29 22:57:35
52,239,455,71.49,2024-05-27 11:47:26
53,693,905,59.02,2024-08-27 17:37:19
54,411,679,30.78,2024-03-31 18:33:35
55,140,621,92.63,2024-08-25 07:53:46
56,419,199,68.58,2024-01-01 06:12:30
57,752,159,92.03,2024-02-13 18:10:37
58,225,598,58.98,2024-02-29 10:07:48
59,955,3,20.16,2024-02-20 20:32:10
60,841,864,36.5,2024-01-15 12:06:55
61,745,997,62.42,2024-04-17 11:47:47
62,959,707,48.55,2024-01-21 09:09:12
63,410,453,43.04,2024-08-24 09:47:15
64,192,594,93.12,2024-03-09 03:42:40
65,754,153,43.56,2024-06-18 14:11:32
66,129,37,26.57,2024-07-20 08:34:32
67,993,934,40.15,2024-01-21 06:55:45
68,535,626,60.21,2024-06-14 03:08:40
69,767,435,41.09,2024-04-01 19:26:06
70,382,621,20.12,2024-10-30 20:38:31
71,849,51,24.45,2024-02-20 05:10:37
72,195,50,70.23,2024-08-01 00:45:38
73,203,296,20.04,2024-08-31 22:45:36
74,32,253,15.2,2023-12-27 04:15:17
75,190,665,19.6,2024-09-19 02:50:14
76,184,302,93.49,2024-04-12 02:48:37
77,138,80,28.2,2024-01-31 12:29:10
78,736,115,24.72,2024-04-07 00:08:46
79,990,498,94.64,2024-10-06 01:41:58
80,499,188,48.86,2024-06-22 20:49:57
81,541,2,94.15,2024-08-13 04:40:06
82,690,287,38.25,2024-04-13 06:39:01
83,122,534,22.73,2024-07-31 22:37:35
84,869,360,61.63,2023-12-31 12:40:46
85,654,800,85.06,2024-04-28 05:36:27
86,855,151,69.82,2024-04-30 20:09:46
87,972,700,58.99,2024-03-15 21:41:28
88,295,155,38.65,2024-05-04 02:15:18
89,614,876,43.75,2024-12-06 13:01:00
90,657,916,56.18,2024-04-18 04:52:58
91,520,449,78.86,2024-01-13 12:22:29
92,504,876,48.09,2024-09-04 06:41:43
93,568,370,34.55,2024-11-29 07:08:46
94,761,200,55.89,2024-01-31 07:51:11
95,312,378,34.12,2024-03-16 06:15:21
96,342,891,69.99,2024-11-12 20:29:29
97,784,104,79.98,2024-03-14 07:49:52
98,55,969,52.71,2024-05-25 03:44:52
99,197,108,62.57,2024-05-04 11:30:16
100,73,708,40.71,2024-03-01 21:19:51
101,974,563,64.92,2024-05-13 13:27:16
102,123,578,51.2,2024-05-03 06:53:39
103,247,881,96.84,2024-03-12 09:25:35
104,232,168,89.94,2024-01-22 05:23:38
105,197,578,46.41,2024-05-06 06:36:54
106,872,96,73.54,2024-10-19 06:45:32
107,883,293,86.53,2023-12-29 05:58:57
108,756,743,55.38,2024-10-12 16:00:21
109,580,753,20.09,2024-09-19 18:19:25
110,628,254,86.31,2024-11-09 16:16:31
111,675,744,37.57,2024-08-09 09:07:02
112,421,942,98.38,2024-04-30 14:05:11
113,234,533,14.43,2024-08-11 11:09:01
114,356,174,25.46,2024-12-02 14:31:53
115,530,168,97.67,2024-01-27 07:18:05
116,696,934,47.55,2024-11-28 15:22:14
117,852,177,25.06,2024-02-23 21:45:44
118,386,721,25.94,2024-04-30 17:49:21
119,684,565,97.35,2024-02-16 16:31:26
120,748,394,14.94,2024-10-08 05:29:45
121,709,499,46.79,2024-01-17 02:42:11
122,469,361,80.93,2024-12-06 13:42:54
123,403,589,81.09,2023-12-21 18:34:26
124,287,735,93.96,2024-06-24 19:08:07
125,461,350,43.41,2024-08-26 05:34:15
126,892,567,43.31,2024-05-17 23:32:31
127,2,806,17.18,2024-08-27 08:58:05
128,89,870,49.29,2024-07-20 00:15:39
129,731,342,86.05,2024-06-13 04:30:26
130,421,69,62.24,2024-04-29 22:08:08
131,871,67,94.49,2024-05-09 07:58:47
132,643,983,15.31,2024-06-05 09:53:35
133,73,725,38.08,2024-01-17 14:13:41
134,944,509,48.86,2024-09-16 18:08:49
135,665,498,66.85,2024-03-10 16:34:40
136,846,195,84.51,2024-07-12 01:50:20
137,919,994,45.4,2023-12-15 18:37:11
138,702,478,32.47,2024-03-07 05:03:49
139,686,741,49.64,2024-02-06 05:16:51
140,807,68,89.96,2024-04-11 20:36:24
141,260,389,83.98,2024-10-15 11:08:56
142,274,278,16.57,2024-05-03 03:59:13
143,555,259,68.48,2024-06-03 17:31:23
144,477,699,34.71,2024-07-15 09:07:11
145,823,677,59.15,2024-04-22 05:45:11
146,811,132,38.1,2024-06-11 01:19:30
147,86,126,82.58,2024-06-20 18:27:00
148,446,499,80.05,2023-12-31 07:16:19
149,134,602,69.48,2024-05-14 13:57:36
150,516,517,48.04,2024-09-03 18:11:50
151,83,761,51.68,2024-09-14 22:50:14
152,387,74,25.25,2024-03-26 15:39:30
153,260,721,58.57,2024-01-08 10:40:22
154,384,604,88.22,2024-05-12 04:18:08
155,612,505,87.25,2024-09-30 11:50:38
156,925,656,11.38,2024-08-25 15:22:11
157,792,811,69.03,2024-03-08 08:32:53
158,253,779,16.71,2024-09-02 16:54:14
159,935,709,98.37,2024-05-27 02:35:02
160,875,385,27.05,2024-08-08 18:02:32
161,726,772,78.76,2024-02-16 06:37:03
162,882,505,69.11,2024-04-27 11:18:50
163,772,137,84.36,2024-11-15 19:07:23
164,557,238,79.51,2024-06-19 01:16:52
165,316,130,76.97,2024-07-31 06:44:18
166,128,806,85.07,2024-08-03 10:44:17
167,785,1,12.27,2024-10-02 12:35:59
168,744,339,96.67,2024-06-30 14:12:13
169,965,730,93.68,2024-11-12 03:48:54
170,264,100,24.06,2024-03-06 06:45:25
171,798,106,46.66,2024-02-05 03:04:47
172,744,999,97.61,2024-08-06 05:29:11
173,623,127,37.11,2024-01-20 12:36:19
174,587,899,51.82,2024-08-21 01:04:42
175,982,31,58.48,2024-10-12 04:55:31
176,416,245,44.14,2024-09-05 19:50:03
177,69,731,61.19,2024-04-12 11:02:59
178,640,203,16.81,2024-09-01 04:34:57
179,393,334,68.45,2024-02-08 15:53:25
180,224,229,86.81,2024-04-04 23:22:18
181,62,63,48.63,2024-11-25 17:17:05
182,260,85,12.63,2024-04-21 13:57:23
183,441,670,51.12,2024-04-20 17:57:48
184,413,452,90.01,2023-12-15 05:04:02
185,870,713,12.7,2024-07-06 09:11:20
186,443,13,69.17,2024-04-15 07:20:53
187,628,318,31.4,2024-08-15 16:37:37
188,641,382,67.95,2024-11-29 12:43:39
189,960,278,45.16,2024-04-04 20:37:04
190,948,550,68.32,2024-10-07 20:23:48
191,192,355,32.37,2024-09-21 16:39:07
192,948,514,42.41,2024-08-03 06:45:11
193,19,865,99.34,2024-12-07 07:55:16
194,80,826,36.15,2024-07-20 23:26:40
195,177,771,71.92,2024-09-03 04:59:19
196,870,427,56.41,2024-05-10 10:23:07
197,309,958,84.77,2024-02-18 21:46:57
198,266,834,99.61,2024-11-26 10:18:06
199,294,898,88.41,2024-06-18 23:20:21
200,757,469,75.78,2024-01-25 03:49:04
201,54,409,80.24,2024-03-21 11:42:31
202,733,925,96.14,2024-04-04 00:33:38
203,483,838,94.97,2024-09-11 04:31:52
204,735,116,46.4,2024-05-20 11:23:07
205,706,106,10.95,2024-06-06 08:51:50
206,9,489,54.07,2024-04-01 19:34:51
207,316,574,43.9,2024-11-13 12:02:36
208,126,274,34.0,2024-05-14 20:07:16
209,165,872,18.98,2024-07-20 23:01:26
210,964,383,78.48,2024-12-05 15:08:25
211,567,477,84.91,2024-05-12 01:49:46
212,186,34,32.08,2024-03-18 09:49:56
213,814,290,60.11,2024-12-08 05:25:21
214,243,807,57.34,2024-06-29 07:44:54
215,166,868,76.44,2024-12-06 20:43:42
216,363,277,47.4,2024-04-13 07:54:50
217,579,735,75.09,2024-10-07 19:16:11
218,689,91,76.35,2024-07-04 01:10:42
219,968,472,85.45,2024-04-14 03:06:41
220,710,919,98.54,2023-12-30 18:12:54
221,110,21,59.19,2024-12-05 10:15:21
222,4,392,27.49,2024-02-24 17:14:46
223,137,550,50.92,2024-06-14 12:03:39
224,262,624,98.55,2024-03-08 09:04:27
225,693,987,22.34,2024-10-10 01:33:07
226,882,184,29.26,2024-07-22 06:38:07
227,268,852,48.38,2024-09-27 16:27:44
228,147,427,30.12,2024-06-25 19:16:09
229,489,727,34.26,2024-09-14 07:46:39
230,366,451,93.16,2024-11-24 07:29:42
231,670,223,91.8,2024-01-18 19:54:04
232,929,110,24.15,2024-11-11 21:38:04
233,643,839,67.63,2024-06-07 23:52:40
234,27,525,74.37,2024-04-06 11:23:08
235,449,468,51.41,2024-10-19 14:20:45
236,612,31,51.2,2024-11-04 04:11:01
237,257,370,41.65,2024-06-21 10:33:57
238,634,839,85.04,2024-05-19 17:23:57
239,961,88,60.66,2024-12-07 06:35:30
240,566,84,20.06,2024-10-15 07:19:59
241,416,356,53.22,2024-02-26 06:13:44
242,915,38,57.55,2024-08-29 15:12:19
243,289,377,99.31,2024-10-25 02:59:06
244,579,402,60.05,2024-01-12 12:36:56
245,234,503,79.85,2023-12-24 13:19:26
246,299,831,57.49,2024-08-28 04:01:48
247,571,157,76.31,2024-09-12 06:10:19
248,318,197,43.14,2024-11-07 11:32:45
249,11,244,38.3,2024-08-01 11:14:43
250,172,647,24.99,2024-10-08 20:08:56
251,52,163,51.92,2024-01-31 02:41:18
252,390,905,56.64,2024-03-14 13:12:55
253,737,649,92.64,2024-07-07 09:07:29
254,364,731,71.18,2024-11-08 15:54:49
255,716,6,34.04,2024-06-06 20:44:45
256,190,645,43.27,2024-12-04 09:25:57
257,189,131,24.2,2024-10-22 05:25:13
258,746,530,48.5,2024-03-28 18:53:34
259,894,3,83.43,2024-09-10 23:24:07
260,362,636,15.99,2024-01-30 00:38:40
261,95,641,19.56,2024-05-06 13:15:09
262,734,753,98.94,2024-02-03 09:02:29
263,171,503,52.74,2024-01-02 07:42:42
264,553,649,93.8,2024-02-27 19:26:44
265,943,543,83.07,2024-07-23 23:30:28
266,721,916,68.55,2024-03-06 17:22:03
267,22,666,95.85,2024-10-24 22:03:48
268,324,261,92.04,2024-06-22 05:03:56
269,563,448,83.87,2024-04-20 18:53:43
270,90,240,73.8,2024-01-13 10:03:11
271,483,46,29.16,2024-05-24 08:54:18
272,898,106,30.15,2024-10-19 11:05:09
273,751,476,63.18,2024-03-11 16:32:21
274,283,356,67.38,2024-01-27 02:33:47
275,950,90,79.89,2024-07-07 19:18:03
276,220,705,43.2,2023-12-27 21:36:56
277,472,741,15.45,2024-05-13 08:28:16
278,553,873,69.92,2024-07-14 18:52:35
279,221,431,80.97,2024-01-04 02:35:48
280,108,169,10.01,2024-02-15 11:14:56
281,49,176,42.2,2024-12-08 02:44:50
282,962,926,34.95,2024-03-25 19:42:56
283,764,433,39.29,2024-09-17 19:57:27
284,74,986,71.48,2024-10-19 05:36:44
285,742,368,62.57,2024-02-09 17:17:19
286,421,909,40.08,2024-04-27 11:26:09
287,33,503,81.83,2024-07-08 17:37:45
288,214,324,23.44,2023-12-30 17:01:56
289,26,876,64.71,2024-01-21 19:52:19
290,57,877,45.84,2023-12-18 23:15:26
291,695,693,68.17,2024-05-03 09:50:44
292,222,248,98.1,2024-02-25 07:48:06
293,116,310,80.16,2024-12-08 03:07:59
294,72,680,22.0,2024-09-26 05:17:40
295,839,145,79.84,2024-04-11 00:42:55
296,498,59,34.69,2024-07-23 05:51:34
297,936,702,94.72,2024-08-03 01:56:14
298,467,280,13.48,2024-04-06 20:12:57
299,812,165,90.63,2024-01-23 03:22:44
300,760,447,55.8,2024-06-07 15:38:50
301,539,940,29.95,2024-05-07 00:03:27
302,290,489,84.9,2024-02-28 00:24:03
303,629,34,23.32,2024-03-05 20:38:05
304,393,610,30.96,2024-03-14 18:50:18
305,178,50,88.07,2024-01-13 18:06:14
306,162,613,45.27,2024-05-08 00:33:55
307,641,498,54.63,2024-11-15 18:17:11
308,752,666,53.66,2024-05-03 15:37:49
309,796,469,36.3,2024-02-18 10:43:20
310,106,372,25.14,2024-03-13 05:34:57
311,648,480,11.24,2024-05-21 17:00:40
312,981,34,95.01,2024-07-28 18:48:02
313,793,773,63.16,2024-01-13 07:03:31
314,581,49,15.71,2024-08-24 21:03:41
315,53,840,72.95,2024-09-11 15:06:19
316,780,727,75.9,2024-02-03 13:43:37
317,975,765,21.08,2024-03-05 06:37:59
318,935,655,41.18,2024-07-18 16:35:50
319,420,149,80.92,2024-09-23 11:35:02
320,924,900,27.46,2024-07-09 05:26:39
321,797,855,51.65,2024-06-28 04:17:08
322,205,259,11.4,2024-08-30 17:13:23
323,331,638,17.32,2024-06-24 08:07:15
324,279,376,44.71,2024-07-06 23:23:43
325,875,98,79.75,2024-06-28 21:33:40
326,206,783,42.15,2024-08-20 09:51:50
327,215,785,52.8,2024-12-06 00:13:58
328,849,879,82.89,2023-12-29 11:41:05
329,980,514,85.62,2024-10-25 09:47:20
330,41,90,86.49,2024-07-30 00:16:37
331,229,16,73.01,2024-03-28 06:10:16
332,620,429,39.2,2024-08-17 16:48:20
333,888,548,58.19,2024-07-19 00:45:47
334,549,664,78.6,2023-12-29 05:43:42
335,615,361,62.18,2024-01-29 10:59:25
336,490,495,57.77,2024-01-17 22:01:44
337,161,1,40.11,2024-02-11 14:23:08
338,213,831,41.32,2024-03-15 10:09:43
339,422,240,50.8,2024-11-09 05:25:55
340,30,188,14.0,2024-08-16 15:42:49
341,917,205,29.58,2024-08-14 19:20:01
342,999,808,34.48,2024-05-26 01:52:43
343,828,699,95.92,2024-01-10 16:04:20
344,269,662,42.99,2024-10-26 06:47:26
345,172,359,60.7,2024-10-14 13:28:54
346,793,883,68.58,2024-11-20 00:34:55
347,327,808,94.73,2024-10-16 19:22:18
348,595,333,35.83,2024-05-14 03:41:41
349,960,573,39.43,2024-07-29 01:34:36
350,896,172,38.21,2024-03-31 10:45:11
351,809,756,93.25,2024-02-21 15:07:37
352,116,984,77.93,2024-08-19 23:36:26
353,826,209,81.51,2024-02-18 17:23:32
354,576,523,10.06,2024-03-23 14:40:08
355,993,729,76.56,2024-10-19 05:27:19
356,711,291,42.81,2024-02-18 11:10:17
357,641,990,99.2,2024-06-24 03:37:23
358,484,446,52.59,2024-04-22 10:58:38
359,236,459,33.43,2024-07-15 19:36:27
360,686,271,68.91,2024-05-10 01:24:50
361,461,159,53.8,2024-03-25 20:29:32
362,281,276,46.92,2024-07-15 11:55:51
363,251,845,33.3,2024-03-22 19:08:04
364,978,847,81.8,2024-11-02 09:37:16
365,201,88,91.79,2024-11-13 00:40:43
366,804,961,45.73,2024-12-04 03:00:40
367,314,69,35.73,2024-08-22 10:31:27
368,134,865,70.93,2024-11-29 12:03:03
369,51,758,23.7,2024-10-17 16:18:01
370,279,943,71.47,2024-05-06 20:04:11
371,949,617,28.51,2024-08-14 17:17:06
372,8,141,92.43,2024-04-17 13:09:41
373,709,743,15.65,2024-01-10 16:53:57
374,432,506,18.21,2024-01-28 22:19:58
375,404,51,56.31,2024-08-23 05:34:53
376,775,118,41.87,2024-08-20 01:30:30
377,235,494,69.19,2024-02-27 05:58:41
378,691,198,20.9,2024-11-17 04:25:26
379,271,47,62.09,2024-02-26 18:39:02
380,734,932,33.58,2024-04-20 18:53:50
381,587,607,77.21,2024-10-18 15:18:47
382,690,346,34.48,2023-12-15 11:25:22
383,458,135,43.42,2024-10-05 01:41:29
384,348,654,90.39,2024-02-20 04:23:50
385,295,894,36.84,2024-09-21 12:28:38
386,848,779,86.05,2024-10-12 21:41:58
387,258,670,82.35,2024-07-12 15:37:32
388,466,874,82.78,2024-07-01 13:52:36
389,688,366,94.84,2024-02-10 17:36:50
390,811,523,93.01,2024-11-22 07:27:34
391,745,39,24.6,2024-09-24 19:21:16
392,380,106,81.64,2024-02-12 04:46:04
393,343,650,52.99,2024-10-24 15:55:08
394,291,487,21.28,2024-06-08 16:54:56
395,963,447,22.47,2024-10-28 10:49:27
396,840,82,56.04,2024-03-09 16:52:39
397,47,797,35.98,2024-01-17 08:12:41
398,168,307,99.53,2024-01-06 18:17:57
399,414,968,95.19,2024-05-22 12:09:39
400,352,760,79.05,2023-12-12 03:59:13
401,135,831,95.56,2024-10-30 14:50:14
402,856,63,39.62,2024-05-08 03:46:01
403,726,96,29.52,2024-04-01 00:32:10
404,677,716,28.45,2024-10-02 23:43:10
405,453,288,12.65,2024-09-21 05:19:18
406,863,175,42.43,2024-03-07 17:33:42
407,319,713,16.19,2024-07-15 02:36:42
408,812,13,78.68,2024-01-15 00:06:53
409,579,378,84.15,2024-01-27 05:11:21
410,610,310,84.48,2024-03-25 07:15:33
411,487,812,73.47,2024-03-23 05:17:38
412,949,116,76.37,2024-11-30 16:39:31
413,666,15,25.46,2024-03-18 07:59:22
414,139,22,81.44,2024-05-23 14:24:15
415,702,211,11.29,2024-01-22 03:28:21
416,76,545,66.65,2024-08-08 18:37:32
417,444,267,19.82,2024-06-06 10:31:56
418,939,81,35.24,2024-08-03 00:54:28
419,934,823,92.01,2024-09-01 21:17:46
420,894,420,91.29,2024-01-07 13:50:34
421,639,633,56.96,2024-03-24 18:47:41
422,702,995,29.05,2024-04-26 03:52:51
423,481,660,38.64,2024-09-02 18:02:28
424,700,380,87.99,2024-09-27 21:26:04
425,430,443,67.91,2024-10-16 16:15:59
426,603,777,28.03,2024-04-21 16:58:54
427,594,25,88.25,2023-12-22 15:05:16
428,965,431,24.2,2024-04-14 17:11:31
429,880,636,94.74,2024-07-22 04:03:18
430,915,953,69.13,2024-08-09 21:28:01
431,413,517,99.25,2024-10-04 05:07:52
432,378,191,95.16,2024-03-14 17:38:27
433,593,813,52.14,2024-05-13 21:51:48
434,755,668,84.53,2024-11-21 13:33:29
435,372,881,16.28,2024-08-06 11:20:46
436,241,118,77.08,2024-05-28 02:46:32
437,149,525,66.1,2024-03-08 05:58:27
438,7,825,22.28,2024-04-24 23:45:21
439,503,197,83.51,2024-05-04 17:31:15
440,183,516,94.74,2023-12-28 11:19:17
441,376,839,10.82,2024-05-26 13:04:29
442,928,104,55.55,2024-08-28 20:07:10
443,741,257,55.41,2024-03-17 21:41:23
444,526,775,95.43,2024-04-21 06:58:22
445,714,56,54.4,2024-04-17 14:13:29
446,623,201,92.72,2024-06-12 00:54:57
447,980,412,41.89,2024-10-06 02:19:50
448,763,474,69.24,2024-06-29 18:37:37
449,555,325,14.31,2024-04-05 19:58:52
450,399,989,30.07,2024-02-28 06:24:02
451,457,732,17.34,2024-07-08 16:40:49
452,908,625,47.51,2024-05-01 03:56:12
453,769,816,87.14,2023-12-18 11:48:16
454,952,919,88.35,2024-07-26 05:47:08
455,905,810,40.63,2024-08-14 08:22:23
456,541,342,14.95,2024-06-08 12:07:36
457,3,9,73.71,2024-01-19 00:18:15
458,883,167,72.45,2024-04-13 03:40:35
459,400,709,44.52,2024-03-03 19:07:06
460,942,99,24.43,2024-06-28 22:57:49
461,790,536,93.54,2024-07-09 05:06:54
462,690,538,78.94,2024-07-30 18:50:45
463,488,797,31.6,2024-03-30 03:47:18
464,366,802,17.42,2024-04-01 07:54:30
465,459,363,53.57,2024-01-06 00:23:09
466,241,992,25.3,2024-10-31 23:10:56
467,928,280,84.57,2023-12-30 00:15:43
468,919,797,10.24,2024-07-11 09:44:24
469,243,601,40.99,2024-09-07 15:04:40
470,701,669,64.12,2024-07-05 13:26:02
471,697,664,94.67,2024-07-20 03:08:59
472,882,934,39.96,2024-03-11 15:29:49
473,842,75,53.9,2024-01-17 17:56:27
474,49,522,21.88,2024-05-27 16:02:10
475,536,110,58.96,2024-09-07 15:42:59
476,821,222,88.47,2024-11-20 09:46:21
477,102,493,81.05,2024-10-01 15:00:32
478,953,242,45.4,2024-09-19 11:39:14
479,197,644,63.43,2024-11-04 19:27:55
480,260,654,99.52,2023-12-18 11:40:11
481,143,662,84.91,2024-03-31 14:47:51
482,408,993,59.2,2024-08-21 23:13:24
483,701,857,14.14,2024-03-25 04:12:07
484,633,163,83.83,2024-07-18 15:32:50
485,326,858,26.45,2024-02-22 02:44:48
486,779,894,76.49,2024-04-04 02:49:20
487,307,821,85.3,2024-09-26 17:22:56
488,529,672,34.86,2024-11-18 17:33:55
489,815,950,95.79,2024-03-28 06:35:01
490,451,610,70.79,2024-03-19 05:00:09
491,553,311,50.41,2024-06-24 15:18:46
492,596,524,41.22,2024-07-09 13:40:31
493,177,940,35.12,2024-04-26 04:38:13
494,819,868,94.13,2024-10-23 10:06:06
495,704,731,13.52,2024-11-12 19:35:29
496,785,80,95.79,2024-10-10 11:51:22
497,269,202,69.87,2024-09-03 02:07:42
498,661,639,82.34,2024-09-27 20:54:53
499,534,467,42.28,2024-11-10 13:11:30
500,395,808,30.0,2024-02-28 00:34:06
501,655,835,17.88,2024-02-23 14:09:11
502,830,462,19.99,2024-10-07 01:01:38
503,605,932,24.64,2024-10-08 20:47:40
504,371,465,53.4,2024-11-27 06:08:41
505,267,556,10.89,2024-05-15 08:24:16
506,586,352,69.68,2024-07-23 03:44:12
507,785,953,92.68,2024-04-15 02:34:04
508,666,639,81.49,2024-10-27 12:55:06
509,221,654,57.9,2024-09-03 09:40:39
510,382,649,57.65,2024-06-12 08:17:31
511,706,41,46.97,2024-01-02 18:08:16
512,866,811,89.76,2024-03-22 20:31:10
513,779,924,48.3,2024-01-12 17:28:38
514,288,629,16.99,2024-06-14 21:46:26
515,681,190,41.13,2024-02-22 02:51:55
516,245,428,23.03,2024-06-18 14:51:28
517,506,857,23.56,2023-12-19 08:07:02
518,954,634,40.54,2024-02-09 14:17:52
519,797,593,34.63,2024-10-02 09:19:00
520,884,11,89.46,2024-05-11 05:41:08
521,175,323,76.86,2024-02-23 07:50:43
522,600,859,53.85,2024-11-12 19:54:01
523,634,674,25.34,2024-02-25 04:38:37
524,681,831,21.23,2024-03-21 11:00:21
525,883,663,17.56,2024-10-02 18:25:24
526,775,914,23.82,2024-09-05 04:51:26
527,843,600,87.74,2024-07-21 05:17:25
528,938,198,56.58,2024-03-11 16:02:10
529,213,447,96.1,2024-08-20 10:08:23
530,727,689,43.82,2024-01-06 20:25:13
531,59,153,21.26,2024-08-21 21:36:01
532,316,491,11.29,2024-02-25 10:20:02
533,33,609,30.19,2024-11-19 02:12:25
534,179,861,93.3,2024-09-20 11:47:25
535,999,397,27.54,2024-07-07 04:48:50
536,941,688,18.11,2024-05-13 01:40:22
537,402,57,38.02,2024-01-23 11:19:18
538,90,610,35.42,2024-01-04 01:58:39
539,535,773,39.37,2024-11-14 15:16:47
540,994,217,58.76,2024-01-07 07:09:59
541,949,414,26.23,2024-04-11 01:32:58
542,427,102,66.19,2024-01-22 08:06:53
543,26,683,31.47,2024-04-14 03:56:38
544,407,834,55.96,2024-07-14 07:19:40
545,659,177,66.24,2024-05-31 13:32:15
546,678,875,60.39,2024-02-22 04:24:23
547,219,323,58.05,2024-02-21 18:28:37
548,821,70,55.37,2024-08-08 12:10:51
549,303,462,48.0,2024-01-24 13:19:32
550,384,472,15.78,2024-09-15 03:44:26
551,949,641,43.2,2024-07-05 00:00:48
552,469,371,33.74,2024-09-08 15:39:17
553,70,754,70.73,2024-09-12 01:12:03
554,592,690,16.21,2024-10-21 18:37:06
555,934,205,46.11,2024-08-24 16:44:25
556,328,414,81.12,2023-12-22 01:35:32
557,266,77,37.18,2024-11-12 19:23:08
558,187,766,26.41,2024-03-22 10:21:20
559,632,528,29.83,2024-08-25 07:20:27
560,320,642,76.47,2024-03-26 07:31:16
561,874,956,50.41,2024-09-15 00:38:06
562,997,996,63.29,2024-02-29 04:17:33
563,788,138,62.81,2024-08-21 07:38:11
564,358,804,96.34,2024-07-18 13:06:54
565,707,331,99.72,2024-05-27 15:56:19
566,441,530,58.49,2024-09-11 12:15:54
567,369,930,53.12,2024-09-27 23:37:32
568,351,477,69.28,2024-08-12 09:29:56
569,528,185,11.46,2024-08-18 10:23:54
570,41,325,48.66,2024-06-21 00:22:14
571,469,248,31.06,2024-08-18 20:54:58
572,887,499,18.41,2024-06-12 11:55:29
573,851,37,41.18,2023-12-22 17:54:06
574,457,868,38.71,2024-07-31 01:44:52
575,926,882,54.53,2024-07-05 01:45:05
576,131,874,58.82,2024-08-28 18:37:39
577,430,594,23.61,2024-09-06 09:37:33
578,499,69,31.92,2024-03-22 20:24:39
579,994,291,98.49,2024-07-15 11:29:08
580,570,472,45.02,2024-06-16 01:52:09
581,922,986,36.27,2023-12-25 01:13:49
582,353,550,98.41,2024-08-11 12:05:10
583,875,707,68.09,2024-06-07 21:22:18
584,956,520,65.38,2024-11-25 05:49:46
585,589,30,64.94,2024-08-05 23:49:55
586,198,967,56.12,2024-08-16 17:06:24
587,993,998,82.25,2024-02-29 14:59:52
588,74,91,20.57,2024-03-24 22:01:36
589,453,250,47.51,2024-01-21 21:16:41
590,83,9,60.87,2024-10-07 21:29:57
591,25,881,32.15,2024-08-18 19:06:24
592,57,396,14.61,2024-03-12 01:33:23
593,663,806,84.46,2024-02-23 12:37:39
594,671,929,25.41,2024-09-07 06:32:46
595,10,110,44.51,2024-08-04 17:58:32
596,223,90,64.48,2024-12-02 06:44:52
597,377,982,95.47,2024-07-12 23:16:03
598,957,189,34.36,2024-07-05 13:47:39
599,449,151,65.35,2024-04-14 14:06:25
600,212,394,54.35,2024-11-20 06:17:05
601,33,450,93.27,2024-03-30 07:57:40
602,324,192,83.02,2024-04-21 21:24:56
603,445,260,67.4,2024-07-22 22:57:45
604,301,839,85.2,2024-03-25 21:05:54
605,955,88,40.26,2024-03-29 17:19:55
606,185,989,22.93,2023-12-28 14:53:10
607,549,380,62.88,2024-01-31 10:44:19
608,104,364,86.73,2024-11-24 08:09:49
609,763,681,93.29,2024-11-22 02:33:29
610,350,818,32.38,2024-01-05 12:47:47
611,499,347,12.09,2024-02-10 10:10:43
612,614,292,92.7,2024-06-17 15:10:46
613,79,32,37.1,2024-06-28 05:55:02
614,667,685,55.93,2024-06-28 08:54:21
615,801,4,85.9,2024-05-16 03:31:01
616,754,653,97.81,2024-11-12 10:31:59
617,563,150,33.23,2024-01-16 18:58:52
618,458,202,67.22,2024-07-23 01:13:10
619,966,134,22.66,2023-12-17 11:27:04
620,692,501,63.86,2024-05-21 05:20:25
621,368,125,93.36,2024-10-08 23:05:40
622,30,163,51.09,2023-12-15 00:09:01
623,457,294,78.24,2024-10-19 13:52:09
624,154,166,53.51,2024-09-07 12:17:31
625,150,997,94.92,2024-05-16 09:37:15
626,767,287,20.79,2024-05-03 23:13:38
627,257,974,72.03,2024-04-22 18:10:22
628,141,963,60.87,2024-02-14 21:22:42
629,491,410,93.47,2024-05-01 23:45:04
630,338,889,73.59,2024-11-13 17:56:28
631,212,799,10.87,2024-05-21 20:46:39
632,921,704,32.49,2024-09-18 01:51:00
633,123,356,90.54,2024-06-08 21:56:15
634,164,549,49.9,2024-04-14 20:08:46
635,364,880,46.32,2024-06-25 01:29:59
636,178,518,36.04,2024-05-17 16:33:39
637,571,788,29.24,2024-08-04 17:06:33
638,288,940,80.03,2024-06-07 21:03:06
639,762,21,53.63,2024-12-04 07:27:21
640,919,983,80.58,2024-03-12 02:09:56
641,895,977,18.99,2024-06-25 11:48:29
642,879,326,95.65,2024-11-24 14:55:56
643,237,760,66.25,2024-10-16 14:11:33
644,541,810,61.88,2024-10-25 13:29:19
645,932,587,13.9,2024-04-01 16:32:07
646,191,532,92.93,2024-02-05 22:24:39
647,988,676,63.79,2024-08-31 00:42:39
648,159,755,84.61,2024-05-18 04:05:03
649,483,693,28.78,2024-09-11 22:04:31
650,81,410,16.62,2024-05-18 07:58:49
651,875,835,77.28,2024-03-01 22:16:54
652,203,354,39.77,2023-12-16 13:19:14
653,329,545,94.32,2024-12-04 08:17:45
654,214,68,78.0,2024-04-24 03:01:36
655,358,220,90.53,2024-11-06 15:10:09
656,734,831,23.55,2023-12-25 02:58:26
657,651,884,29.77,2024-01-07 14:13:54
658,13,478,64.3,2024-07-30 11:28:00
659,505,623,36.96,2024-01-23 18:58:02
660,362,172,37.87,2024-03-31 21:13:40
661,144,634,14.55,2024-01-01 06:42:29
662,853,38,19.96,2024-03-27 12:07:07
663,374,743,70.85,2024-01-23 00:25:45
664,271,56,78.87,2024-11-27 13:19:48
665,758,518,10.84,2024-03-23 02:10:53
666,584,606,38.62,2024-08-31 19:41:39
667,770,765,49.77,2023-12-26 22:04:14
668,446,898,34.11,2023-12-30 07:39:48
669,72,644,38.75,2024-10-12 03:13:20
670,600,723,96.51,2024-07-08 04:10:16
671,799,341,56.1,2024-08-31 06:20:55
672,105,668,66.27,2024-04-23 05:40:27
673,532,419,84.6,2024-08-30 21:39:07
674,916,928,56.06,2024-02-04 01:50:42
675,619,206,36.69,2024-11-01 15:34:47
676,276,639,48.39,2024-12-01 00:12:06
677,525,851,84.66,2024-06-11 14:13:58
678,516,55,71.22,2024-04-09 08:48:26
679,267,907,28.57,2024-10-02 03:12:09
680,148,110,45.37,2024-07-28 00:11:12
681,743,183,14.01,2024-02-01 17:51:46
682,342,381,89.55,2024-06-23 13:48:27
683,179,652,25.96,2024-03-23 18:51:17
684,584,714,40.96,2024-04-12 14:25:51
685,730,613,52.17,2024-04-24 03:03:27
686,701,743,84.47,2024-01-03 05:17:40
687,968,223,77.2,2024-12-07 07:14:43
688,913,771,85.4,2023-12-31 17:29:19
689,809,860,72.08,2024-05-26 08:44:04
690,604,697,64.26,2024-01-27 14:50:18
691,407,614,70.65,2024-10-14 20:38:47
692,208,255,39.87,2024-04-20 17:38:22
693,517,270,82.68,2024-04-02 06:14:43
694,27,297,58.29,2024-09-18 13:15:05
695,576,227,17.17,2024-05-05 18:51:35
696,37,584,74.38,2024-06-19 04:17:43
697,851,950,33.42,2024-11-19 05:44:02
698,375,658,58.14,2024-09-22 15:46:04
699,531,389,51.24,2024-08-15 16:45:57
700,425,883,83.1,2024-09-24 21:08:56
701,724,684,94.91,2024-11-27 09:51:49
702,830,752,15.13,2024-08-19 06:26:34
703,258,453,45.77,2024-01-24 20:53:37
704,944,973,76.52,2024-08-09 17:40:19
705,896,319,91.05,2024-11-12 18:43:27
706,161,478,12.95,2024-09-26 09:33:57
707,332,143,78.39,2024-11-06 19:40:37
708,931,109,25.34,2024-08-25 18:19:45
709,12,884,78.63,2024-04-29 11:45:16
710,698,968,23.61,2024-09-30 15:57:43
711,159,807,41.15,2024-11-22 09:52:22
712,264,755,44.43,2024-07-06 01:50:28
713,666,590,68.33,2024-08-23 16:30:25
714,678,504,50.98,2024-08-16 07:18:36
715,138,901,59.55,2024-09-06 14:46:48
716,533,386,72.88,2024-02-09 00:40:25
717,189,329,26.09,2024-08-19 16:49:00
718,799,404,28.6,2024-04-19 20:27:25
719,267,964,78.93,2024-08-18 02:55:06
720,601,156,42.28,2023-12-18 21:55:05
721,867,327,37.85,2024-05-30 20:45:51
722,673,731,60.06,2024-07-15 12:10:16
723,866,149,95.69,2024-08-05 23:18:39
724,293,330,77.9,2024-02-07 12:01:08
725,573,198,85.67,2024-09-22 00:23:41
726,200,395,54.55,2024-11-22 04:48:48
727,2,149,25.1,2024-01-08 09:20:10
728,865,602,18.48,2024-12-06 07:28:57
729,662,79,72.96,2024-11-17 03:31:03
730,94,472,19.77,2024-03-02 15:22:38
731,358,710,68.62,2024-09-05 08:22:44
732,919,932,86.91,2024-08-07 07:16:30
733,369,402,19.32,2024-10-04 10:11:52
734,699,649,58.08,2024-04-11 03:08:41
735,771,599,67.22,2024-04-22 04:31:05
736,675,548,90.31,2024-10-17 05:43:47
737,655,469,53.49,2024-11-26 07:00:28
738,196,676,79.42,2024-04-28 14:47:19
739,940,634,57.66,2024-03-20 23:50:57
740,468,142,19.43,2023-12-24 02:19:26
741,992,308,96.12,2024-06-23 15:47:11
742,837,719,12.58,2024-09-28 06:35:15
743,571,458,48.07,2024-03-19 15:37:31
744,847,54,64.61,2023-12-21 09:31:09
745,1,116,53.82,2024-06-20 06:21:59
746,312,856,32.67,2024-08-17 08:50:54
747,288,530,99.11,2024-05-08 21:16:46
748,875,756,66.46,2024-06-30 13:24:07
749,759,942,50.3,2023-12-19 03:44:23
750,878,481,18.88,2024-08-18 22:13:30
751,21,70,21.44,2024-02-03 12:48:17
752,907,287,84.86,2024-09-05 22:41:34
753,704,45,47.56,2024-11-15 05:58:54
754,92,885,12.72,2023-12-13 06:31:55
755,825,981,87.74,2024-05-04 22:50:18
756,943,261,33.04,2024-08-11 09:19:45
757,210,452,72.48,2024-06-28 20:02:51
758,727,318,47.27,2024-07-08 02:44:58
759,175,274,29.18,2024-06-19 19:48:19
760,901,216,10.78,2024-01-02 22:46:49
761,690,368,52.75,2024-08-08 01:46:22
762,677,873,37.55,2024-05-02 23:19:30
763,33,407,14.93,2024-04-24 08:36:10
764,211,833,43.98,2024-02-18 13:08:44
765,331,903,83.01,2024-03-24 11:09:18
766,890,412,98.65,2024-06-04 04:40:33
767,298,28,10.12,2024-06-15 01:36:24
768,467,67,73.51,2024-06-20 04:10:12
769,403,358,10.1,2024-06-06 18:05:09
770,755,602,28.05,2024-08-27 03:59:44
771,447,989,77.94,2024-08-18 07:02:53
772,674,420,58.54,2024-01-22 18:33:06
773,956,689,40.66,2024-10-23 12:08:35
774,924,439,16.99,2023-12-22 23:58:02
775,393,212,53.2,2024-04-20 02:49:44
776,125,382,88.06,2024-06-28 03:24:26
777,138,173,40.58,2024-10-05 15:25:46
778,324,661,53.96,2024-04-06 06:51:20
779,964,254,95.03,2024-04-10 05:54:36
780,705,41,64.94,2024-08-19 07:02:17
781,265,328,40.95,2024-10-26 21:37:57
782,803,164,20.65,2024-10-31 09:48:23
783,679,583,71.8,2024-07-13 12:36:10
784,27,84,99.42,2024-01-26 21:07:01
785,686,20,30.84,2024-05-13 21:04:03
786,332,723,46.35,2024-08-08 23:02:31
787,416,146,25.66,2024-06-02 06:14:42
788,770,489,51.12,2024-11-12 07:21:37
789,485,670,90.86,2024-04-12 03:52:12
790,221,518,28.58,2023-12-12 01:53:58
791,513,852,87.01,2024-08-12 07:02:59
792,327,426,66.43,2024-11-23 21:01:25
793,828,848,51.43,2024-05-06 04:32:45
794,989,13,89.43,2024-12-04 11:19:08
795,691,335,27.73,2023-12-26 17:52:29
796,671,444,28.69,2024-08-03 11:41:40
797,368,302,27.08,2024-08-22 05:40:10
798,431,746,33.1,2024-11-09 17:03:36
799,648,676,76.29,2023-12-24 03:14:20
800,774,481,38.59,2024-06-19 09:57:47
801,898,285,98.88,2024-01-12 17:33:26
802,962,250,83.76,2024-04-05 08:52:32
803,639,265,92.8,2024-01-19 06:47:05
804,441,41,50.37,2024-07-27 12:16:15
805,725,896,87.46,2024-07-04 03:15:52
806,102,130,43.62,2024-07-30 13:22:32
807,819,136,99.35,2024-08-08 06:47:19
808,130,308,84.4,2024-04-30 12:21:39
809,815,611,15.91,2024-09-11 06:58:54
810,70,741,75.19,2023-12-29 00:51:46
811,681,599,63.13,2024-10-06 00:59:36
812,737,478,58.5,2024-11-16 15:21:41
813,951,71,25.6,2024-08-12 04:29:36
814,143,382,42.69,2024-12-03 07:06:19
815,806,360,28.64,2024-08-01 14:11:38
816,909,167,62.96,2024-10-04 17:04:05
817,678,206,18.22,2024-09-12 06:40:02
818,484,729,51.67,2024-08-15 09:19:39
819,460,44,49.95,2024-03-16 17:07:36
820,281,215,41.5,2024-10-25 05:05:52
821,621,15,73.18,2024-10-15 15:35:50
822,531,994,66.86,2024-04-23 05:05:58
823,682,261,78.75,2024-06-17 13:50:43
824,649,508,11.58,2024-01-04 21:33:26
825,395,41,15.37,2024-04-24 14:19:07
826,577,664,50.86,2023-12-25 23:46:07
827,279,67,27.21,2024-02-10 04:23:35
828,441,320,76.8,2024-03-13 08:56:16
829,897,956,20.78,2024-11-26 22:30:30
830,919,919,22.62,2024-04-08 09:45:57
831,614,633,51.81,2024-01-15 20:30:22
832,174,47,35.52,2024-03-09 18:00:02
833,473,983,36.3,2024-09-30 08:16:16
834,773,891,63.17,2024-10-08 02:29:44
835,71,17,67.85,2024-09-18 21:06:01
836,905,986,37.42,2024-11-21 11:44:16
837,7,932,57.55,2024-01-27 15:18:50
838,569,316,32.38,2024-10-18 01:41:41
839,565,461,91.89,2024-02-27 13:14:23
840,296,771,82.4,2024-06-01 07:35:12
841,778,593,55.27,2024-06-12 01:47:17
842,170,394,21.39,2024-07-14 19:45:04
843,600,993,97.1,2024-05-11 15:12:47
844,881,929,32.61,2024-05-14 17:32:30
845,681,488,19.64,2024-01-27 06:51:40
846,165,889,33.22,2024-03-26 01:42:41
847,662,936,84.5,2024-10-01 09:36:39
848,299,78,92.2,2023-12-29 01:56:41
849,696,344,29.48,2024-04-04 19:22:47
850,957,311,55.4,2024-08-16 22:12:07
851,909,837,72.84,2024-06-20 01:33:54
852,478,592,99.85,2024-06-11 07:31:21
853,739,149,74.91,2024-11-08 11:49:16
854,790,314,25.65,2024-07-26 09:00:24
855,707,678,21.99,2024-06-10 10:04:09
856,457,668,55.11,2024-08-22 16:00:23
857,546,584,91.86,2024-04-27 00:42:31
858,332,1,66.82,2024-05-01 02:56:40
859,805,103,48.43,2024-11-19 08:21:34
860,102,357,98.21,2024-07-10 08:45:43
861,943,799,30.22,2024-06-09 00:17:33
862,959,567,74.08,2024-09-07 05:01:21
863,910,102,49.86,2024-01-29 03:11:01
864,625,455,22.81,2024-11-18 14:00:26
865,110,907,17.03,2024-04-25 06:24:03
866,589,576,48.36,2024-01-08 16:12:21
867,710,352,29.08,2024-09-21 02:45:18
868,532,405,87.04,2023-12-29 07:15:00
869,524,487,16.46,2024-09-14 05:32:08
870,871,606,64.31,2024-12-06 01:24:32
871,812,679,14.54,2024-06-21 00:53:21
872,298,233,83.04,2024-12-04 23:53:59
873,998,37,21.4,2024-09-14 00:49:56
874,930,835,92.19,2024-05-03 17:29:36
875,21,407,28.46,2024-01-14 13:01:48
876,397,859,50.52,2024-05-26 03:26:46
877,502,208,11.69,2024-07-10 16:23:17
878,422,257,59.62,2023-12-26 04:08:36
879,309,698,48.43,2024-06-22 05:47:45
880,308,588,37.23,2024-03-02 22:11:18
881,203,52,23.28,2024-09-28 14:08:57
882,416,741,42.02,2024-06-08 04:49:59
883,890,76,77.34,2024-06-23 04:55:27
884,856,867,79.32,2024-07-15 03:38:58
885,569,129,68.31,2024-08-08 09:55:00
886,24,496,62.97,2024-10-03 03:38:45
887,406,660,36.38,2024-09-06 22:00:54
888,340,331,98.58,2024-06-19 05:15:25
889,185,134,67.14,2024-02-27 10:35:22
890,546,401,96.16,2024-03-06 02:29:13
891,252,955,34.71,2024-10-13 05:49:11
892,59,542,26.57,2024-10-05 22:03:37
893,582,897,41.61,2024-07-20 13:53:43
894,784,892,66.85,2024-10-16 12:06:39
895,563,44,26.18,2024-03-28 08:15:37
896,726,305,95.5,2024-06-02 22:17:15
897,652,815,46.31,2024-07-20 15:39:00
898,899,634,27.27,2024-02-25 10:38:06
899,208,136,10.62,2024-05-12 23:43:38
900,206,981,82.76,2024-07-05 09:21:45
901,474,692,50.72,2024-10-02 19:02:30
902,266,642,11.95,2024-07-22 03:29:02
903,95,302,87.33,2024-03-22 23:12:45
904,353,167,80.75,2024-05-12 07:09:08
905,663,774,73.69,2024-10-10 06:44:50
906,434,421,83.67,2024-04-22 08:30:31
907,197,26,71.14,2024-03-16 21:22:13
908,649,182,25.84,2024-06-21 17:15:45
909,34,346,70.01,2024-06-18 21:28:00
910,347,798,55.92,2024-10-11 23:34:01
911,646,26,67.18,2024-04-28 07:17:01
912,589,654,79.84,2024-09-13 12:38:29
913,284,545,52.73,2024-10-07 05:11:43
914,739,633,49.0,2024-09-02 23:59:47
915,936,52,72.67,2024-10-19 15:05:25
916,994,304,66.36,2024-01-01 02:48:05
917,15,559,46.7,2024-10-01 00:47:00
918,661,254,70.39,2024-03-21 17:06:34
919,728,176,83.42,2024-08-07 19:50:10
920,373,939,34.28,2024-06-07 06:44:52
921,297,161,55.2,2024-07-19 20:57:32
922,771,686,58.07,2024-12-01 05:00:27
923,438,338,37.36,2024-06-04 08:46:51
924,466,759,97.66,2024-02-17 08:23:08
925,8,403,97.24,2024-03-06 03:51:47
926,713,849,88.27,2024-01-01 13:57:54
927,533,507,19.42,2024-10-03 04:40:40
928,17,747,11.1,2024-11-24 00:56:29
929,678,805,42.07,2024-05-19 08:20:26
930,192,544,91.26,2024-01-01 04:40:47
931,396,21,22.38,2024-04-03 12:38:23
932,878,96,21.65,2024-09-20 10:22:35
933,307,785,89.39,2024-10-11 15:20:08
934,544,424,97.62,2024-03-27 22:24:37
935,64,260,30.01,2024-06-21 18:37:58
936,133,381,91.29,2024-09-07 17:14:55
937,296,243,82.57,2023-12-16 06:21:24
938,169,607,99.42,2024-07-05 00:25:59
939,11,614,12.44,2024-04-14 01:04:48
940,419,367,31.03,2024-10-18 09:21:25
941,528,379,69.4,2024-11-04 12:28:15
942,332,5,93.47,2024-06-17 14:28:24
943,156,32,26.55,2023-12-17 14:34:21
944,545,521,26.47,2024-08-03 20:24:15
945,768,846,27.53,2023-12-14 16:00:30
946,65,673,34.19,2024-03-10 15:58:13
947,750,245,34.59,2024-08-17 05:16:18
948,570,684,55.13,2024-01-16 16:30:10
949,54,123,21.65,2024-02-20 10:17:13
950,850,760,19.61,2024-02-24 16:51:36
951,23,514,29.28,2024-05-10 10:27:52
952,507,913,84.19,2024-07-01 06:47:43
953,91,648,63.78,2024-06-24 20:38:01
954,631,465,51.1,2024-11-23 02:17:25
955,323,910,81.33,2024-01-29 17:48:02
956,830,763,10.05,2024-03-26 14:25:40
957,894,424,52.08,2024-05-14 09:57:11
958,871,980,44.61,2024-02-22 12:45:13
959,150,148,82.84,2024-09-02 00:54:57
960,714,443,16.65,2024-03-01 01:38:36
961,539,78,80.23,2024-02-18 22:06:47
962,996,797,80.85,2024-01-21 19:55:15
963,42,338,54.68,2024-02-25 17:16:14
964,816,104,46.88,2023-12-21 06:37:35
965,545,171,95.6,2024-06-19 10:59:27
966,727,749,39.38,2024-03-21 17:21:09
967,380,244,86.01,2024-08-25 07:15:47
968,658,544,92.04,2024-02-15 00:08:01
969,752,105,59.61,2024-08-23 06:42:06
970,833,682,67.56,2024-08-01 15:48:23
971,715,220,56.26,2023-12-21 04:21:45
972,551,687,70.71,2024-10-14 13:06:05
973,530,384,14.6,2024-11-19 19:27:10
974,464,613,66.64,2024-03-14 23:41:14
975,493,515,86.18,2024-02-06 21:56:29
976,438,907,38.03,2024-04-13 11:59:55
977,637,554,40.99,2024-01-05 10:03:03
978,547,746,91.59,2024-04-08 15:02:44
979,780,220,34.67,2024-01-15 12:16:55
980,311,301,61.18,2024-02-24 20:36:34
981,288,192,39.71,2024-07-26 04:16:46
982,349,455,26.26,2024-04-12 11:08:07
983,307,594,65.85,2024-08-28 05:09:37
984,829,664,64.84,2024-10-18 23:03:36
985,500,935,31.01,2024-11-30 04:12:17
986,310,448,14.78,2024-11-14 17:18:04
987,70,405,11.36,2024-04-28 19:43:14
988,922,715,44.79,2024-10-26 02:21:19
989,134,925,39.03,2024-05-28 09:13:27
990,486,880,44.12,2024-11-22 10:22:13
991,296,10,16.85,2024-09-26 03:11:51
992,18,42,93.4,2024-06-09 16:29:30
993,827,918,93.69,2024-07-12 17:01:52
994,522,3,51.04,2024-06-13 12:44:19
995,923,241,20.17,2024-10-26 09:24:37
996,572,952,83.56,2024-08-06 04:37:52
997,40,842,30.78,2024-08-23 17:37:45
998,263,27,18.79,2023-12-13 23:41:27
999,797,6,29.61,2024-03-22 13:57:55
1000,810,470,65.56,2024-02-18 23:50:51
