1,10,989,buyer,2024-09-15 09:23:21
2,53,376,partner,2024-02-16 09:01:25
3,78,526,buyer,2024-11-08 06:50:55
4,23,417,partner,2024-03-12 06:33:40
5,19,461,partner,2024-08-01 14:38:00
6,15,467,buyer,2024-02-21 04:18:07
7,23,67,partner,2024-01-02 02:26:21
8,5,385,partner,2024-10-13 04:42:47
9,2,341,seller,2024-01-07 09:48:34
10,58,853,partner,2024-04-22 15:08:41
11,39,745,seller,2024-09-18 18:59:25
12,34,868,buyer,2024-06-09 16:33:08
13,3,541,buyer,2024-08-23 12:53:32
14,3,476,partner,2024-11-15 19:27:14
15,76,763,seller,2024-09-18 11:08:01
16,47,668,seller,2024-04-19 01:26:39
17,11,560,buyer,2024-10-09 10:58:42
18,21,653,buyer,2024-07-31 15:14:38
19,46,72,partner,2024-08-09 14:31:00
20,88,352,seller,2024-09-08 01:17:52
21,90,173,seller,2024-09-24 03:36:40
22,2,386,partner,2024-04-28 09:22:34
23,72,447,partner,2024-01-17 00:10:48
24,63,526,seller,2024-02-10 00:28:26
25,89,365,partner,2024-02-07 14:24:52
26,58,556,buyer,2024-06-17 23:06:03
27,85,908,partner,2024-02-06 09:02:13
28,100,496,buyer,2024-09-23 04:51:07
29,76,136,buyer,2024-09-19 15:31:31
30,61,470,seller,2024-05-26 07:05:42
31,2,830,seller,2024-01-13 16:53:01
32,10,107,buyer,2024-03-27 15:36:27
33,72,576,seller,2024-07-04 14:39:36
34,62,428,buyer,2024-04-26 15:27:29
35,30,172,seller,2024-08-07 00:30:05
36,25,594,seller,2024-04-28 18:59:26
37,75,865,buyer,2024-02-05 18:57:03
38,9,135,buyer,2024-09-07 23:17:09
39,78,216,partner,2024-05-06 12:35:34
40,83,58,seller,2024-07-16 11:26:06
41,24,3,partner,2024-05-28 06:39:02
42,34,323,partner,2024-11-10 07:11:16
43,57,98,seller,2024-04-24 06:13:21
44,1,544,partner,2024-07-26 08:53:20
45,25,239,seller,2024-06-13 09:36:11
46,69,305,buyer,2024-05-25 22:01:52
47,95,254,buyer,2024-02-01 06:43:58
48,82,215,seller,2024-03-30 15:57:31
49,79,202,partner,2024-07-05 23:05:25
50,51,816,seller,2024-10-17 20:40:10
51,23,68,partner,2024-03-25 16:58:25
52,66,553,partner,2024-04-11 04:03:32
53,48,71,buyer,2024-08-12 15:58:02
54,82,410,buyer,2024-05-28 13:02:56
55,24,281,partner,2024-05-17 12:35:50
56,52,964,partner,2024-11-01 00:51:50
57,61,525,seller,2024-01-29 02:36:29
58,70,978,seller,2024-09-16 02:14:08
59,60,458,seller,2024-06-07 09:43:00
60,67,7,partner,2024-05-21 07:59:35
61,58,804,seller,2024-02-08 19:41:09
62,67,344,partner,2024-08-21 19:19:57
63,80,256,partner,2024-09-16 17:34:31
64,49,937,seller,2024-08-24 10:34:56
65,10,794,buyer,2024-05-30 11:06:06
66,69,709,buyer,2024-09-10 18:07:34
67,42,281,buyer,2024-03-14 14:17:47
68,6,629,partner,2024-04-17 14:45:14
69,36,833,partner,2024-11-12 14:25:54
70,83,226,seller,2024-01-01 18:26:57
71,29,33,partner,2023-12-14 13:15:36
72,52,959,seller,2024-02-12 06:52:47
73,67,978,seller,2024-07-14 20:21:57
74,82,610,partner,2024-11-02 21:54:25
75,54,607,seller,2024-05-19 14:01:14
76,100,808,buyer,2023-12-26 06:46:39
77,70,555,seller,2024-05-13 15:47:13
78,5,646,partner,2024-05-03 22:18:20
79,95,833,partner,2024-02-05 13:29:10
80,29,553,seller,2024-12-02 11:07:46
81,98,524,partner,2023-12-17 04:44:23
82,78,667,seller,2024-04-23 05:58:11
83,21,375,partner,2023-12-26 00:49:10
84,77,92,seller,2024-03-15 07:21:03
85,72,112,partner,2024-01-27 12:10:49
86,53,775,buyer,2024-05-18 00:49:31
87,41,227,seller,2024-08-23 11:02:09
88,39,378,buyer,2024-05-07 21:02:54
89,18,672,partner,2024-10-30 05:07:56
90,36,630,seller,2024-11-12 14:29:36
91,32,194,seller,2024-05-31 00:29:13
92,70,878,seller,2024-02-16 18:38:03
93,99,3,partner,2024-11-07 22:54:39
94,78,989,seller,2024-10-20 22:12:25
95,35,15,partner,2024-09-24 12:37:53
96,3,366,seller,2024-01-17 15:16:34
97,24,653,partner,2024-04-24 00:24:33
98,53,620,partner,2024-09-29 03:36:25
99,52,997,partner,2024-11-01 04:45:38
100,40,641,partner,2024-01-22 15:16:18
101,83,72,seller,2024-01-22 02:47:01
102,20,413,partner,2024-05-27 12:42:02
103,53,670,seller,2024-04-01 02:50:30
104,72,779,buyer,2024-05-26 08:31:39
105,21,94,partner,2024-03-11 04:09:16
106,13,738,buyer,2024-04-02 01:02:59
107,67,387,buyer,2024-02-04 03:09:53
108,54,473,partner,2024-07-08 08:25:01
109,41,561,buyer,2024-03-07 16:10:49
110,86,125,partner,2023-12-23 01:16:32
111,24,629,partner,2024-12-01 09:54:51
112,79,674,buyer,2024-01-31 17:27:34
113,70,448,seller,2024-05-12 23:28:55
114,68,327,partner,2024-04-28 15:16:45
115,41,191,seller,2024-11-12 23:58:42
116,70,670,partner,2024-08-03 16:26:25
117,56,15,partner,2024-11-01 18:14:48
118,37,736,buyer,2024-10-31 12:39:09
119,50,582,buyer,2024-05-14 04:51:08
120,68,709,partner,2024-05-07 09:43:14
121,45,979,partner,2024-07-12 13:34:50
122,79,610,partner,2024-10-14 07:39:27
123,18,562,seller,2024-10-29 19:28:18
124,90,46,seller,2024-06-29 19:12:18
125,29,932,partner,2023-12-19 15:21:33
126,15,989,partner,2024-12-01 02:23:02
127,29,573,buyer,2024-09-07 23:12:07
128,55,235,seller,2024-08-06 22:31:35
129,92,591,seller,2024-09-19 23:45:28
130,38,573,buyer,2024-07-01 21:25:44
131,68,570,buyer,2024-08-20 02:06:52
132,87,382,seller,2024-04-24 15:00:10
133,73,594,seller,2024-11-15 20:02:07
134,73,572,buyer,2024-09-06 00:25:29
135,72,350,seller,2024-02-02 06:01:28
136,36,916,partner,2024-08-18 02:54:03
137,36,84,buyer,2024-05-18 03:44:31
138,44,497,partner,2024-08-16 20:34:27
139,36,701,partner,2024-02-20 21:57:01
140,6,987,seller,2024-11-14 05:34:37
141,40,292,buyer,2024-03-20 14:08:34
142,89,71,buyer,2024-09-20 19:05:11
143,99,365,seller,2024-11-18 15:55:59
144,84,895,buyer,2024-07-24 19:32:55
145,62,458,buyer,2023-12-22 07:44:54
146,88,475,partner,2024-04-21 06:27:47
147,63,924,partner,2024-05-01 13:50:18
148,4,996,buyer,2024-01-15 22:45:01
149,33,987,buyer,2024-06-30 11:00:58
150,61,49,seller,2023-12-31 22:40:13
151,90,113,buyer,2024-11-22 22:39:19
152,71,530,seller,2024-07-29 07:58:18
153,98,312,partner,2024-10-10 04:16:22
154,24,944,seller,2024-11-05 13:12:25
155,10,403,seller,2024-09-28 09:01:32
156,73,288,seller,2024-07-13 16:04:20
157,6,775,seller,2024-08-07 11:28:46
158,50,910,buyer,2024-11-06 19:25:03
159,6,689,buyer,2024-07-18 03:35:21
160,34,297,buyer,2023-12-26 09:42:28
161,78,472,partner,2024-07-13 23:03:46
162,18,642,partner,2024-02-25 01:49:42
163,18,777,partner,2024-03-15 09:50:12
164,91,282,partner,2024-10-20 16:03:31
165,21,431,buyer,2024-06-28 02:15:20
166,49,110,seller,2024-07-08 06:39:42
167,7,802,partner,2024-10-24 23:13:22
168,83,767,buyer,2024-05-22 09:39:19
169,8,216,seller,2024-01-07 03:39:23
170,87,184,seller,2024-04-20 09:17:00
171,30,886,seller,2024-11-03 15:38:27
172,91,551,seller,2024-07-29 23:53:54
173,19,692,seller,2024-06-07 00:36:24
174,31,375,buyer,2024-11-27 20:01:08
175,39,938,seller,2024-07-03 03:12:21
176,84,76,seller,2024-05-09 02:12:09
177,6,381,partner,2024-01-03 02:47:15
178,36,578,partner,2024-03-16 23:20:24
179,62,651,partner,2024-05-03 12:30:08
180,28,767,buyer,2024-02-01 06:25:54
181,15,437,partner,2023-12-11 07:53:55
182,71,633,seller,2024-03-19 09:52:55
183,62,103,seller,2024-08-12 06:23:19
184,24,120,buyer,2024-01-04 10:06:22
185,15,495,seller,2024-12-03 09:16:54
186,86,756,partner,2024-10-04 00:30:24
187,50,132,partner,2024-07-15 20:12:56
188,34,217,partner,2024-11-28 14:42:49
189,42,603,partner,2024-10-12 06:17:11
190,81,710,seller,2024-10-31 23:11:07
191,93,925,buyer,2024-02-14 00:23:37
192,77,892,buyer,2024-03-28 19:31:10
193,3,391,partner,2024-10-01 20:05:42
194,69,140,partner,2024-09-09 14:32:05
195,27,242,partner,2024-02-06 03:27:00
196,65,702,seller,2024-01-19 00:30:27
197,37,253,buyer,2024-06-01 00:51:08
198,60,123,partner,2024-10-21 22:48:43
199,16,996,buyer,2024-01-25 08:44:28
200,75,840,partner,2024-06-10 08:52:31
201,6,238,partner,2024-08-16 23:39:44
202,60,100,partner,2024-10-25 00:32:48
203,6,112,partner,2024-09-08 06:38:39
204,44,583,buyer,2024-10-20 03:02:40
205,23,901,seller,2024-07-24 02:46:06
206,22,491,buyer,2024-02-27 11:23:11
207,25,723,partner,2024-02-25 23:27:52
208,70,249,seller,2024-11-26 04:58:16
209,55,816,seller,2024-10-31 07:29:54
210,3,577,seller,2024-07-17 09:31:55
211,86,351,partner,2024-10-08 17:55:06
212,64,658,partner,2024-07-18 23:30:59
213,61,977,partner,2024-07-14 02:47:20
214,72,551,seller,2024-03-16 17:17:13
215,23,214,seller,2024-11-22 16:06:06
216,17,357,partner,2024-08-04 06:33:55
217,22,437,buyer,2024-09-17 15:08:48
218,22,755,buyer,2024-02-08 07:33:00
219,43,585,partner,2024-11-15 07:27:02
220,77,550,buyer,2024-03-18 13:52:15
221,98,632,partner,2024-07-12 20:36:08
222,99,248,seller,2024-09-03 07:42:34
223,28,190,seller,2024-02-08 23:40:35
224,95,645,seller,2023-12-19 18:46:48
225,70,581,partner,2024-02-03 06:23:30
226,40,917,buyer,2024-02-15 19:53:49
227,6,973,seller,2024-09-21 12:58:35
228,37,454,seller,2024-11-20 23:50:57
229,52,369,partner,2024-03-09 19:02:01
230,54,936,seller,2024-08-14 04:01:30
231,57,485,buyer,2024-12-03 13:08:56
232,59,894,partner,2024-01-04 20:06:13
233,98,109,buyer,2024-10-20 20:43:36
234,78,806,buyer,2024-09-03 05:44:12
235,85,304,seller,2024-06-23 05:47:35
236,12,18,buyer,2024-11-10 06:47:30
237,80,413,partner,2024-02-28 22:48:08
238,61,736,seller,2024-07-12 04:47:49
239,85,253,partner,2024-11-28 04:03:42
240,59,391,seller,2024-06-16 16:40:53
241,43,936,partner,2024-07-30 00:36:24
242,45,53,partner,2024-02-08 23:47:01
243,1,195,partner,2024-03-15 14:48:28
244,22,415,partner,2024-09-06 14:46:12
245,41,81,buyer,2024-02-21 12:47:06
246,75,554,seller,2024-06-03 03:38:49
247,78,213,buyer,2024-10-24 07:43:31
248,36,791,buyer,2024-06-10 05:24:59
249,66,291,partner,2024-02-19 21:25:20
250,65,147,buyer,2024-01-07 16:38:37
251,45,372,partner,2024-11-26 21:20:43
252,17,43,partner,2024-03-08 01:19:48
253,29,793,buyer,2024-07-02 21:57:12
254,59,752,partner,2024-07-06 23:15:49
255,57,521,partner,2024-07-29 02:21:32
256,87,479,partner,2023-12-20 10:07:54
257,92,54,partner,2024-04-22 01:51:07
258,13,263,buyer,2024-10-13 20:23:57
259,11,871,buyer,2024-02-20 19:43:44
260,25,245,seller,2024-08-01 20:50:40
261,89,227,buyer,2024-10-15 02:05:45
262,71,220,partner,2024-04-18 23:35:05
263,36,505,buyer,2024-01-20 09:29:13
264,47,345,seller,2024-11-19 02:55:35
265,77,858,partner,2024-11-04 15:44:36
266,61,153,partner,2024-03-08 22:47:25
267,19,517,buyer,2024-05-10 16:56:37
268,98,749,seller,2024-09-06 05:58:16
269,29,446,seller,2024-07-17 18:31:57
270,78,562,buyer,2024-10-23 17:51:23
271,84,815,seller,2024-04-15 13:05:02
272,73,964,buyer,2023-12-16 11:26:47
273,40,922,buyer,2024-08-10 06:09:56
274,27,176,buyer,2024-03-19 10:09:56
275,3,204,partner,2024-03-16 17:57:27
276,47,926,seller,2024-04-08 14:26:40
277,47,718,seller,2024-04-28 08:14:04
278,48,107,partner,2024-04-21 02:46:40
279,57,845,partner,2024-10-03 06:08:30
280,26,675,partner,2023-12-12 05:45:09
281,46,17,seller,2024-07-01 17:36:12
282,19,85,seller,2024-12-03 18:14:00
283,10,196,seller,2024-08-11 19:39:04
284,99,860,buyer,2024-08-07 15:35:38
285,24,206,partner,2024-10-14 23:10:18
286,28,23,buyer,2024-11-15 17:41:39
287,92,187,buyer,2024-05-15 04:49:43
288,57,522,seller,2024-02-29 01:45:06
289,67,525,partner,2024-09-13 15:56:16
290,32,708,partner,2024-09-07 20:06:21
291,42,768,buyer,2024-09-27 09:47:08
292,62,854,buyer,2024-10-15 11:25:51
293,9,579,seller,2024-09-13 00:03:49
294,8,616,partner,2024-09-03 15:25:19
295,37,991,seller,2024-06-23 18:56:35
296,50,625,buyer,2024-05-04 13:01:13
297,39,555,partner,2024-03-21 00:16:44
298,76,611,partner,2024-08-15 17:40:43
299,97,824,partner,2024-03-23 03:24:50
300,43,140,buyer,2024-10-06 17:30:08
301,58,588,partner,2024-11-26 00:27:40
302,10,816,partner,2024-03-17 18:27:49
303,18,196,partner,2024-11-18 19:57:19
304,56,655,seller,2024-08-05 14:15:41
305,5,957,buyer,2024-03-08 14:21:15
306,43,353,partner,2024-05-07 21:55:47
307,30,518,partner,2024-01-28 16:00:37
308,1,80,buyer,2023-12-13 03:03:45
309,42,589,seller,2024-01-02 23:08:06
310,92,420,seller,2024-06-26 13:13:57
311,93,99,buyer,2024-10-20 03:44:36
312,82,635,buyer,2024-11-09 12:08:44
313,3,177,partner,2024-10-27 11:59:31
314,2,722,buyer,2024-10-21 09:25:36
315,23,300,seller,2024-08-28 23:01:26
316,31,512,seller,2024-03-07 00:55:37
317,13,212,partner,2024-08-11 03:26:38
318,53,846,partner,2024-04-04 12:07:32
319,83,745,partner,2024-09-25 22:08:51
320,68,909,seller,2024-01-25 00:28:00
321,80,355,buyer,2024-09-22 21:21:43
322,19,242,buyer,2024-08-25 03:31:08
323,56,529,buyer,2024-07-11 20:58:21
324,65,272,buyer,2024-07-18 03:55:38
325,58,495,partner,2024-07-17 01:26:50
326,87,474,buyer,2024-05-05 09:59:41
327,88,455,seller,2024-03-03 21:12:44
328,22,886,partner,2024-04-05 08:36:46
329,6,657,seller,2024-10-07 10:04:07
330,16,936,buyer,2024-07-06 08:11:59
331,84,716,seller,2024-12-03 17:54:32
332,72,59,buyer,2024-04-28 08:07:29
333,16,21,buyer,2024-10-04 04:07:33
334,5,776,partner,2024-03-18 10:08:16
335,14,111,seller,2024-05-05 09:04:08
336,4,147,buyer,2024-11-24 03:22:22
337,86,522,buyer,2024-11-27 08:43:26
338,97,504,seller,2024-02-20 08:18:39
339,40,166,seller,2024-06-08 10:55:14
340,57,420,buyer,2024-06-03 03:17:30
341,81,854,seller,2024-09-01 21:19:44
342,28,774,partner,2024-05-22 15:44:40
343,46,791,partner,2024-11-09 18:09:53
344,70,839,partner,2024-01-07 20:37:05
345,58,8,buyer,2024-10-14 00:10:33
346,30,944,seller,2024-06-20 02:30:55
347,5,103,seller,2024-03-06 04:42:31
348,38,423,buyer,2024-11-21 14:14:28
349,34,744,buyer,2024-05-10 01:35:41
350,63,391,seller,2024-05-30 01:42:43
351,7,732,partner,2024-01-01 03:03:26
352,87,265,buyer,2024-01-27 06:04:31
353,37,982,buyer,2024-05-26 20:20:10
354,2,546,buyer,2024-07-30 04:07:26
355,3,313,partner,2024-11-14 22:45:37
356,55,806,seller,2024-01-29 18:25:49
357,98,580,buyer,2024-09-13 22:41:20
358,31,116,partner,2024-03-12 06:58:11
359,94,825,seller,2024-03-07 14:13:25
360,40,807,partner,2024-07-20 16:08:26
361,93,749,seller,2024-08-16 15:12:11
362,40,905,buyer,2024-01-26 09:45:04
363,48,755,seller,2024-11-26 17:53:25
364,58,644,seller,2024-09-03 21:28:32
365,93,594,partner,2024-01-18 17:50:12
366,23,185,seller,2024-06-29 09:18:31
367,87,525,partner,2024-08-08 11:08:43
368,97,439,partner,2024-05-03 22:09:05
369,15,882,partner,2024-09-22 09:32:13
370,49,144,buyer,2024-09-18 00:05:46
371,86,782,buyer,2024-12-06 23:35:42
372,88,559,seller,2024-02-15 02:05:54
373,62,300,buyer,2024-06-30 02:17:22
374,33,235,buyer,2024-02-03 12:40:19
375,16,228,seller,2024-11-02 12:09:10
376,33,281,partner,2024-11-28 11:56:36
377,71,850,partner,2024-08-17 05:32:23
378,57,415,partner,2024-02-21 09:15:56
379,81,744,buyer,2023-12-23 21:32:53
380,92,955,buyer,2024-02-01 04:41:15
381,29,249,partner,2024-09-26 13:22:49
382,11,85,buyer,2024-11-23 18:38:38
383,84,972,partner,2024-06-19 15:15:11
384,39,467,partner,2024-02-02 10:49:30
385,86,997,seller,2023-12-24 16:43:38
386,67,816,buyer,2024-07-12 15:22:34
387,62,495,partner,2024-03-21 11:55:10
388,95,65,buyer,2024-02-12 09:01:30
389,38,938,buyer,2024-04-14 21:43:10
390,54,624,seller,2024-11-01 13:08:48
391,15,14,partner,2024-11-12 17:59:05
392,80,94,seller,2024-06-13 00:01:39
393,38,262,partner,2024-08-17 19:44:07
394,79,709,partner,2023-12-27 04:13:28
395,80,508,partner,2024-05-29 23:22:18
396,79,892,partner,2023-12-23 04:41:52
397,64,926,partner,2023-12-16 18:32:43
398,54,429,partner,2024-11-20 05:58:15
399,46,696,seller,2024-03-05 00:01:43
400,3,49,seller,2024-07-25 10:14:36
401,97,516,partner,2024-09-18 01:23:04
402,94,886,partner,2024-03-07 23:05:13
403,23,621,partner,2024-11-10 05:12:26
404,25,412,partner,2024-08-02 13:42:42
405,42,928,seller,2024-03-10 06:23:12
406,61,319,buyer,2024-03-10 19:47:56
407,1,185,buyer,2024-08-04 10:56:51
408,79,5,seller,2024-07-26 20:14:54
409,88,514,partner,2024-06-17 15:52:35
410,5,505,buyer,2024-03-25 06:00:09
411,88,331,buyer,2024-10-02 04:14:45
412,66,946,buyer,2024-05-20 02:41:01
413,11,531,partner,2023-12-31 01:01:21
414,83,392,seller,2024-03-11 19:40:02
415,87,256,partner,2024-09-29 00:16:43
416,69,358,seller,2024-08-23 06:48:38
417,6,254,partner,2024-12-08 00:57:07
418,6,888,seller,2024-12-08 05:20:08
419,15,887,seller,2024-06-08 22:01:07
420,67,44,buyer,2024-09-17 04:52:45
421,13,831,partner,2024-10-08 20:23:56
422,70,997,partner,2024-10-23 03:45:54
423,80,978,buyer,2024-11-30 02:26:15
424,1,122,seller,2024-02-10 19:15:27
425,52,862,partner,2024-01-17 16:35:39
426,29,114,partner,2024-11-23 15:01:19
427,64,636,buyer,2024-10-17 16:23:55
428,25,941,buyer,2024-05-12 23:12:01
429,75,435,partner,2024-04-15 15:50:26
430,39,386,seller,2024-04-03 09:42:24
431,82,938,buyer,2024-09-27 08:34:51
432,74,981,partner,2024-03-31 05:21:33
433,52,675,seller,2023-12-23 19:34:16
434,31,801,buyer,2024-04-21 01:04:13
435,35,525,seller,2024-01-26 02:04:07
436,3,672,buyer,2024-07-27 20:07:50
437,5,561,buyer,2024-10-10 09:32:12
438,38,969,partner,2024-09-03 16:37:41
439,28,434,partner,2024-05-12 19:26:07
440,66,715,partner,2024-05-13 23:45:51
441,12,329,partner,2024-06-19 13:26:18
442,33,383,buyer,2023-12-11 16:36:26
443,33,27,buyer,2024-07-13 06:17:41
444,78,786,buyer,2024-06-13 04:59:02
445,18,617,partner,2024-11-08 16:32:16
446,95,893,seller,2024-03-13 01:40:15
447,3,409,buyer,2024-02-12 23:49:25
448,45,597,seller,2024-08-17 16:46:09
449,98,526,partner,2024-07-02 00:39:56
450,75,727,partner,2024-09-05 08:08:21
451,13,957,seller,2024-10-09 02:31:33
452,1,543,buyer,2024-04-10 07:03:46
453,25,51,partner,2024-04-25 06:49:08
454,10,411,buyer,2024-08-19 05:19:49
455,64,474,buyer,2024-01-06 14:43:50
456,63,764,seller,2024-08-28 11:42:43
457,34,475,partner,2024-02-16 16:01:32
458,72,575,seller,2024-07-13 12:02:45
459,43,237,buyer,2024-08-03 01:58:28
460,8,298,partner,2024-10-10 12:41:06
461,82,136,partner,2024-09-08 12:25:28
462,64,420,partner,2024-10-15 03:58:56
463,49,180,seller,2024-03-24 15:40:19
464,20,53,partner,2024-10-15 13:53:40
465,17,339,seller,2024-04-07 00:05:12
466,26,499,partner,2024-01-20 14:33:52
467,34,718,buyer,2024-10-29 04:44:11
468,39,402,seller,2024-02-13 13:09:02
469,85,127,buyer,2024-01-12 00:04:05
470,90,401,partner,2024-07-10 11:31:07
471,28,183,buyer,2024-03-04 17:01:09
472,41,120,seller,2024-04-03 20:39:25
473,3,967,buyer,2024-04-02 08:33:47
474,75,384,seller,2024-05-07 11:33:27
475,83,705,seller,2024-03-11 20:25:02
476,20,762,seller,2024-08-24 08:24:12
477,97,242,seller,2024-06-06 14:48:58
478,91,657,partner,2024-05-28 10:54:31
479,78,925,buyer,2024-07-02 16:58:12
480,63,930,buyer,2024-07-11 15:51:58
481,87,393,seller,2024-05-09 23:14:05
482,92,408,seller,2024-06-02 07:50:23
483,22,45,buyer,2024-04-11 17:40:28
484,16,513,seller,2024-08-27 20:42:09
485,28,27,seller,2024-07-01 08:46:41
486,96,748,partner,2024-08-06 16:57:45
487,40,474,partner,2023-12-19 17:20:11
488,70,862,buyer,2024-05-21 10:02:32
489,21,139,buyer,2024-08-13 03:23:27
490,98,542,partner,2024-04-24 14:44:15
491,83,820,seller,2024-04-14 17:24:17
492,27,555,buyer,2024-05-30 13:06:49
493,98,991,buyer,2024-11-10 18:14:07
494,69,942,buyer,2024-01-13 08:11:56
495,38,608,partner,2023-12-16 22:10:08
496,85,839,seller,2024-04-27 10:23:37
497,41,768,partner,2024-07-15 09:41:22
498,75,636,seller,2024-08-06 16:01:51
499,93,799,buyer,2024-07-17 23:18:43
500,87,786,partner,2024-04-27 14:30:24
501,7,287,partner,2024-09-29 10:41:00
502,12,410,partner,2024-06-27 00:38:33
503,10,561,buyer,2024-03-25 01:44:30
504,81,927,buyer,2024-06-18 03:17:47
505,1,787,partner,2024-01-14 14:22:13
506,99,824,buyer,2024-06-18 15:49:36
507,59,774,buyer,2024-05-11 03:32:56
508,55,416,partner,2024-06-29 16:14:15
509,66,128,buyer,2024-02-16 13:47:11
510,80,356,seller,2024-11-18 21:35:00
511,46,1,buyer,2024-07-21 21:02:01
512,98,893,seller,2024-05-22 13:52:01
513,73,163,buyer,2024-08-31 13:41:17
514,99,173,partner,2024-06-02 08:39:18
515,18,39,seller,2024-03-14 09:42:10
516,30,115,buyer,2024-08-20 08:50:45
517,32,931,seller,2024-03-30 06:39:12
518,11,56,seller,2024-08-05 07:16:14
519,18,106,buyer,2024-09-28 18:53:21
520,62,375,buyer,2024-08-03 09:06:01
521,85,587,seller,2024-01-23 22:49:42
522,53,932,buyer,2024-11-23 00:48:05
523,8,489,buyer,2024-01-21 16:52:56
524,47,599,partner,2024-01-03 07:09:15
525,45,345,buyer,2024-10-12 07:11:31
526,82,173,buyer,2024-10-04 20:05:23
527,6,152,seller,2024-10-14 06:40:35
528,13,105,buyer,2024-02-22 10:22:25
529,77,948,buyer,2023-12-24 19:47:20
530,18,44,partner,2023-12-28 09:21:15
531,34,328,seller,2024-04-12 06:57:35
532,62,889,partner,2023-12-30 21:42:17
533,42,401,buyer,2024-11-22 15:21:12
534,45,414,partner,2023-12-26 17:17:33
535,36,30,seller,2024-10-26 02:03:48
536,87,920,buyer,2024-03-23 04:13:02
537,2,588,seller,2024-04-18 09:38:28
538,3,864,partner,2024-03-03 02:45:22
539,25,456,buyer,2024-05-11 03:30:30
540,63,260,partner,2024-09-25 08:32:17
541,80,540,partner,2024-07-08 23:34:55
542,5,53,partner,2024-03-16 07:12:07
543,18,838,partner,2024-08-06 02:13:28
544,99,530,seller,2024-07-05 20:17:08
545,26,498,partner,2024-02-12 10:59:53
546,54,212,buyer,2024-10-10 05:05:20
547,88,498,seller,2024-08-22 19:04:07
548,37,793,buyer,2024-07-29 04:38:21
549,55,463,seller,2024-09-13 00:13:53
550,58,859,seller,2024-05-29 14:53:29
551,76,495,seller,2024-06-14 01:50:04
552,87,929,seller,2024-11-20 05:16:09
553,34,965,partner,2024-05-23 08:08:22
554,4,158,partner,2024-10-22 14:25:49
555,77,357,seller,2024-02-14 11:10:43
556,38,7,buyer,2024-09-08 12:42:16
557,51,99,partner,2024-07-22 02:51:34
558,67,30,partner,2024-09-27 08:02:23
559,87,71,seller,2024-02-16 08:01:09
560,62,157,buyer,2024-10-25 03:11:46
561,74,927,seller,2024-03-29 13:41:44
562,28,4,seller,2024-02-01 17:31:02
563,48,939,seller,2024-11-15 04:29:05
564,43,962,buyer,2024-05-27 09:48:55
565,47,56,partner,2024-01-16 13:07:17
566,88,479,seller,2024-03-25 18:31:09
567,69,670,partner,2024-11-10 07:33:05
568,48,803,partner,2024-07-10 15:05:55
569,45,332,buyer,2024-01-13 21:34:49
570,66,496,buyer,2024-06-04 23:06:55
571,76,337,buyer,2024-06-14 12:22:04
572,87,400,partner,2024-03-13 18:15:21
573,58,897,seller,2024-03-01 05:46:26
574,81,236,buyer,2024-02-03 02:32:13
575,70,326,seller,2024-08-05 03:21:50
576,4,34,buyer,2024-08-29 04:09:46
577,53,676,partner,2024-08-07 06:55:28
578,94,885,buyer,2024-05-10 02:44:14
579,97,524,seller,2024-08-06 01:01:36
580,65,993,buyer,2024-05-17 09:34:17
581,100,195,buyer,2024-12-06 12:36:31
582,31,717,partner,2024-07-17 18:41:48
583,92,880,partner,2024-09-06 10:49:38
584,41,369,partner,2024-03-20 23:01:44
585,79,394,partner,2024-06-01 17:44:35
586,62,320,seller,2023-12-20 18:11:11
587,69,265,partner,2024-11-13 12:52:12
588,31,337,buyer,2024-03-01 09:19:42
589,31,360,partner,2024-07-16 16:50:56
590,26,509,seller,2023-12-25 16:48:16
591,5,449,partner,2024-07-19 10:19:38
592,5,766,buyer,2024-10-07 18:53:31
593,71,672,partner,2024-09-03 22:59:36
594,93,938,buyer,2024-11-09 01:12:46
595,16,123,partner,2024-03-05 05:35:47
596,57,581,buyer,2024-10-15 21:52:22
597,13,303,buyer,2024-06-06 19:59:16
598,13,619,buyer,2024-09-14 17:38:42
599,97,181,seller,2023-12-31 21:26:19
600,38,837,buyer,2024-03-21 21:37:20
601,56,37,seller,2024-10-26 01:31:26
602,63,68,buyer,2024-07-17 20:21:56
603,78,721,buyer,2024-04-09 19:19:08
604,52,309,partner,2024-08-19 03:53:19
605,18,45,seller,2024-05-27 22:34:56
606,47,414,partner,2024-03-17 16:40:11
607,19,102,buyer,2024-08-29 07:05:00
608,12,103,buyer,2024-05-06 10:02:04
609,27,127,partner,2024-04-17 18:25:31
610,35,809,seller,2024-10-07 07:19:57
611,52,492,buyer,2024-07-27 18:01:45
612,10,259,seller,2024-02-07 22:02:33
613,3,26,partner,2024-08-10 12:52:45
614,34,495,seller,2024-11-21 09:59:55
615,84,471,seller,2024-04-28 09:25:30
616,15,143,partner,2024-11-16 04:34:31
617,81,852,seller,2024-06-20 19:04:47
618,28,622,partner,2024-06-04 07:04:38
619,5,846,seller,2024-09-11 07:13:12
620,93,541,seller,2024-01-18 00:06:18
621,67,353,seller,2024-09-03 12:23:26
622,64,988,buyer,2024-10-22 09:47:18
623,33,324,seller,2024-09-29 20:02:20
624,17,208,partner,2024-09-23 23:53:26
625,81,42,partner,2024-04-21 12:44:01
626,66,293,buyer,2024-07-29 05:24:34
627,27,845,buyer,2024-08-18 22:16:41
628,44,381,buyer,2024-10-31 16:24:43
629,56,742,partner,2024-03-01 04:50:32
630,22,890,seller,2024-02-21 09:04:20
631,79,880,buyer,2024-11-12 08:54:19
632,83,247,buyer,2024-08-07 18:48:39
633,61,125,seller,2024-04-04 01:13:38
634,58,115,seller,2024-02-08 00:06:35
635,7,579,seller,2024-02-05 06:49:46
636,95,4,partner,2024-04-19 14:22:02
637,56,273,partner,2023-12-15 19:34:17
638,48,756,seller,2024-03-03 13:44:04
639,73,907,partner,2023-12-16 20:07:25
640,3,684,buyer,2024-07-20 23:26:58
641,10,766,seller,2024-11-09 05:32:56
642,90,716,buyer,2024-04-05 11:51:12
643,8,378,partner,2024-06-14 01:32:36
644,90,328,partner,2024-06-11 00:28:36
645,5,851,buyer,2024-08-05 16:12:14
646,40,155,partner,2024-04-19 07:03:23
647,71,543,partner,2024-08-02 12:06:05
648,33,499,partner,2024-08-03 14:34:25
649,2,254,seller,2024-07-07 22:17:18
650,18,722,seller,2024-02-04 15:37:45
651,53,26,seller,2024-05-17 05:49:04
652,42,251,buyer,2024-04-27 00:00:35
653,87,676,buyer,2024-12-08 15:48:50
654,69,515,buyer,2024-08-11 18:38:13
655,29,219,buyer,2024-04-26 13:02:40
656,3,662,seller,2024-02-29 06:19:42
657,57,900,buyer,2024-11-13 04:23:12
658,93,986,partner,2024-07-31 03:21:05
659,39,90,partner,2024-06-02 10:47:44
660,66,939,seller,2024-08-11 02:15:30
661,25,441,seller,2024-06-24 04:03:58
662,16,369,buyer,2024-11-07 12:52:44
663,23,631,buyer,2024-04-01 06:30:31
664,54,733,buyer,2024-05-30 17:26:11
665,53,251,seller,2024-02-26 17:34:55
666,3,722,partner,2024-10-05 10:29:04
667,5,665,buyer,2024-10-18 09:38:09
668,5,716,partner,2024-08-14 15:34:09
669,10,804,partner,2024-02-05 01:12:34
670,67,553,seller,2024-01-25 18:44:02
671,80,417,partner,2023-12-31 15:28:28
672,63,64,partner,2024-10-17 09:02:05
673,100,166,buyer,2024-01-31 17:47:10
674,58,580,partner,2024-07-09 09:13:12
675,90,420,buyer,2024-05-30 11:05:13
676,3,835,seller,2024-12-03 12:34:40
677,36,389,seller,2024-01-14 04:05:24
678,78,954,partner,2024-06-20 02:01:04
679,62,777,seller,2024-07-26 05:20:17
680,21,769,buyer,2024-05-14 23:32:31
681,90,1000,seller,2024-06-11 05:22:52
682,79,913,seller,2024-05-24 08:49:54
683,75,958,seller,2024-08-11 02:58:24
684,16,701,buyer,2024-06-26 12:41:01
685,65,26,partner,2023-12-19 22:23:56
686,6,595,seller,2024-06-17 13:14:33
687,71,185,seller,2024-05-30 15:25:03
688,72,605,seller,2023-12-14 05:23:01
689,62,896,buyer,2024-10-09 12:44:29
690,3,340,partner,2024-01-13 19:11:00
691,1,280,buyer,2024-02-25 04:47:24
692,91,68,buyer,2024-03-29 05:01:11
693,31,705,partner,2024-03-30 02:50:16
694,62,896,buyer,2024-10-27 08:08:18
695,91,740,seller,2024-08-04 00:52:26
696,26,530,partner,2024-11-18 10:10:11
697,82,369,partner,2023-12-30 17:30:41
698,21,447,seller,2024-03-20 14:42:48
699,20,421,partner,2024-05-16 14:14:04
700,61,448,seller,2024-06-07 13:36:22
701,39,443,seller,2024-01-11 19:27:18
702,17,529,seller,2024-05-30 22:07:10
703,68,88,seller,2024-09-11 07:12:47
704,3,505,partner,2024-05-27 03:56:46
705,27,416,buyer,2024-11-20 02:45:20
706,7,334,buyer,2024-02-10 17:52:07
707,41,669,buyer,2024-06-24 06:56:38
708,47,333,seller,2023-12-18 22:54:37
709,69,360,partner,2024-06-05 14:45:48
710,7,605,seller,2024-11-01 01:17:14
711,89,448,seller,2024-03-03 14:02:39
712,81,371,seller,2024-08-03 01:27:23
713,12,835,buyer,2024-06-13 11:32:14
714,90,658,partner,2024-01-02 11:49:55
715,8,902,partner,2024-07-15 20:17:50
716,65,912,partner,2024-09-09 12:29:15
717,73,1,buyer,2024-12-05 04:33:55
718,66,433,partner,2024-06-19 15:17:31
719,35,384,buyer,2024-01-13 19:11:10
720,33,972,seller,2024-09-05 08:29:18
721,46,154,buyer,2024-03-10 16:06:04
722,15,508,buyer,2024-11-10 15:03:31
723,11,524,buyer,2024-02-27 12:01:40
724,65,453,partner,2024-08-07 10:23:04
725,99,725,buyer,2024-10-02 12:37:26
726,65,125,buyer,2024-02-05 04:04:57
727,80,857,buyer,2023-12-19 23:25:58
728,22,855,seller,2024-04-18 16:07:57
729,96,714,partner,2024-10-15 09:35:26
730,11,549,seller,2024-05-28 00:58:46
731,27,683,buyer,2023-12-31 14:02:24
732,97,261,buyer,2024-11-25 15:50:53
733,5,879,seller,2024-10-26 19:48:33
734,23,805,partner,2024-01-16 16:12:22
735,87,704,partner,2024-04-21 19:26:49
736,82,255,seller,2024-01-20 14:04:35
737,51,509,seller,2024-12-04 10:54:16
738,74,552,buyer,2024-02-28 11:42:44
739,9,14,seller,2024-01-17 09:58:08
740,94,317,seller,2024-01-22 22:42:57
741,52,329,buyer,2024-09-17 04:38:21
742,94,458,seller,2024-02-29 00:06:37
743,13,222,seller,2024-10-19 07:08:07
744,24,823,partner,2024-08-12 11:02:23
745,78,315,seller,2024-08-27 22:57:11
746,19,350,seller,2024-07-07 05:44:51
747,59,43,buyer,2024-08-11 19:49:35
748,81,720,buyer,2024-04-08 11:42:10
749,80,659,seller,2024-11-21 21:03:37
750,81,948,partner,2024-08-23 23:39:05
751,31,256,partner,2024-08-14 05:39:21
752,39,767,buyer,2024-01-11 10:56:30
753,7,19,partner,2024-04-07 11:26:11
754,38,438,seller,2024-01-17 18:32:01
755,29,958,partner,2024-11-20 00:07:04
756,13,240,seller,2024-11-24 07:24:09
757,32,262,seller,2024-08-17 01:07:07
758,29,791,buyer,2024-01-01 15:44:33
759,6,848,partner,2024-04-18 20:52:51
760,79,38,buyer,2024-10-11 23:54:49
761,16,547,seller,2024-04-25 07:48:28
762,52,559,partner,2024-07-13 08:46:45
763,18,659,buyer,2024-12-04 04:38:11
764,96,189,buyer,2024-10-10 11:16:30
765,26,600,buyer,2024-05-04 19:23:02
766,80,594,buyer,2024-07-01 09:19:38
767,62,501,buyer,2024-03-09 09:54:16
768,74,428,partner,2024-02-17 10:43:34
769,12,281,buyer,2024-08-05 10:28:14
770,52,382,seller,2024-12-04 18:49:04
771,71,534,seller,2024-08-22 11:12:36
772,40,115,seller,2024-02-02 06:22:59
773,35,701,seller,2024-07-25 15:38:55
774,50,427,partner,2024-05-14 18:48:46
775,49,891,buyer,2024-06-16 03:44:23
776,32,803,partner,2023-12-21 23:13:59
777,57,948,buyer,2024-10-01 05:05:30
778,21,262,seller,2024-01-10 22:21:39
779,13,608,seller,2024-11-23 09:16:09
780,7,980,seller,2024-03-04 18:15:51
781,90,667,buyer,2024-02-26 16:34:08
782,46,423,partner,2024-02-14 16:00:58
783,57,768,seller,2024-08-01 01:13:03
784,11,712,seller,2024-09-05 17:22:27
785,75,204,seller,2024-04-14 12:58:34
786,98,473,partner,2024-11-11 14:18:10
787,15,72,buyer,2024-01-23 19:16:12
788,48,290,partner,2024-07-25 02:14:09
789,80,294,buyer,2024-10-10 20:06:26
790,6,564,partner,2024-11-11 14:57:23
791,97,167,buyer,2024-03-24 14:45:06
792,73,647,seller,2024-02-28 06:38:04
793,93,599,seller,2024-02-12 02:12:04
794,35,964,seller,2024-09-20 20:11:42
795,23,624,partner,2024-06-27 03:24:28
796,75,688,buyer,2024-07-01 07:49:05
797,15,446,partner,2024-03-30 00:16:30
798,99,197,buyer,2024-09-13 07:18:02
799,95,128,seller,2024-04-02 03:31:04
800,61,908,seller,2024-08-11 06:20:47
801,95,625,seller,2024-07-05 02:32:57
802,30,476,buyer,2024-03-05 08:10:47
803,87,113,seller,2024-03-08 06:13:43
804,7,619,seller,2024-05-24 15:20:09
805,2,790,partner,2024-07-11 23:37:11
806,20,809,buyer,2024-06-27 06:16:49
807,92,786,seller,2024-08-27 07:51:11
808,65,290,seller,2024-09-29 20:19:08
809,9,347,partner,2024-10-11 19:36:49
810,86,627,seller,2024-04-16 01:04:25
811,7,343,seller,2024-11-02 04:19:27
812,15,344,partner,2024-02-13 09:31:48
813,80,447,seller,2024-01-14 00:55:57
814,93,170,partner,2024-02-09 01:24:20
815,71,110,seller,2023-12-16 07:34:37
816,38,747,buyer,2024-03-11 06:27:15
817,29,409,buyer,2024-11-16 00:16:54
818,38,483,buyer,2024-06-17 07:05:27
819,13,986,seller,2024-08-18 07:36:39
820,9,552,seller,2024-06-29 17:20:18
821,4,350,buyer,2024-05-27 07:20:48
822,59,979,partner,2024-05-02 16:30:12
823,18,323,partner,2023-12-25 11:29:33
824,90,377,buyer,2024-11-14 19:56:55
825,24,91,partner,2023-12-16 08:52:33
826,91,256,seller,2024-08-27 09:46:36
827,60,814,buyer,2024-04-11 01:32:45
828,64,58,seller,2024-04-16 03:26:27
829,72,544,buyer,2024-08-28 07:33:05
830,87,913,seller,2023-12-30 13:33:54
831,10,344,partner,2024-10-16 07:09:45
832,38,274,seller,2024-06-15 18:27:16
833,39,287,seller,2024-02-03 13:37:42
834,86,879,buyer,2024-03-09 09:39:36
835,22,485,seller,2024-02-12 02:21:40
836,16,551,seller,2024-10-29 22:26:04
837,57,182,partner,2024-01-08 15:18:33
838,1,210,partner,2024-07-03 05:04:33
839,65,638,buyer,2024-08-29 11:48:42
840,40,645,buyer,2023-12-15 19:13:05
841,74,40,seller,2024-03-05 21:17:38
842,22,234,seller,2024-04-24 23:29:07
843,61,415,buyer,2024-12-06 07:52:51
844,78,531,partner,2024-06-18 15:02:46
845,15,256,partner,2024-03-13 12:23:42
846,93,990,buyer,2024-09-23 09:50:17
847,43,274,partner,2024-11-03 22:35:05
848,46,166,buyer,2024-07-03 00:31:29
849,64,22,buyer,2024-10-16 04:49:42
850,77,122,buyer,2024-03-11 08:24:21
851,26,451,buyer,2024-08-24 03:55:53
852,40,176,partner,2024-07-26 15:04:37
853,98,998,buyer,2024-10-14 18:22:53
854,7,709,seller,2024-03-24 09:49:19
855,28,64,seller,2024-04-13 23:53:13
856,1,896,partner,2024-11-07 16:45:47
857,15,529,partner,2024-01-25 21:10:06
858,65,218,buyer,2024-05-25 21:53:17
859,94,631,partner,2024-10-23 13:30:54
860,71,13,buyer,2024-01-16 22:55:42
861,20,44,partner,2024-02-21 19:37:12
862,70,487,buyer,2024-03-01 04:36:15
863,37,968,seller,2024-05-24 11:39:38
864,19,864,seller,2023-12-30 05:30:43
865,57,528,seller,2024-09-15 05:12:41
866,31,211,seller,2024-06-14 18:48:12
867,30,921,partner,2024-11-06 12:52:52
868,80,763,seller,2024-11-19 05:02:05
869,58,228,buyer,2024-03-01 04:21:46
870,48,303,seller,2024-09-17 12:33:26
871,33,943,seller,2024-11-18 09:51:05
872,97,369,partner,2024-02-03 22:10:50
873,44,352,seller,2024-05-13 16:49:00
874,53,892,buyer,2023-12-13 03:48:09
875,92,608,buyer,2023-12-27 15:34:32
876,86,728,partner,2024-10-01 22:41:52
877,22,216,partner,2024-04-10 07:04:27
878,86,575,buyer,2023-12-19 10:33:18
879,43,859,seller,2024-06-21 20:31:46
880,38,778,partner,2024-02-29 05:46:11
881,63,186,partner,2024-06-20 19:39:01
882,73,698,buyer,2024-03-23 18:48:52
883,44,362,buyer,2024-06-10 18:28:58
884,66,656,buyer,2024-11-11 19:45:32
885,97,584,seller,2024-07-08 12:32:55
886,86,884,seller,2024-02-18 18:39:38
887,64,669,seller,2024-02-08 05:37:37
888,75,50,partner,2024-11-03 03:13:41
889,4,276,buyer,2024-05-28 07:12:57
890,63,219,buyer,2024-04-15 13:57:48
891,94,61,buyer,2024-04-27 16:57:59
892,75,137,partner,2024-03-08 08:27:00
893,30,761,partner,2024-08-23 23:08:16
894,47,74,buyer,2024-05-13 00:26:35
895,95,485,buyer,2024-06-11 20:01:52
896,4,250,partner,2024-04-15 16:17:11
897,70,437,buyer,2024-07-28 16:49:27
898,75,502,seller,2024-08-01 22:42:54
899,76,842,seller,2024-01-20 03:53:36
900,54,950,seller,2024-09-19 07:37:22
901,62,594,partner,2024-07-16 16:00:58
902,90,380,seller,2023-12-16 11:43:15
903,32,109,buyer,2024-05-16 09:01:00
904,20,530,seller,2024-09-27 03:13:23
905,87,499,buyer,2024-03-26 23:51:27
906,66,472,seller,2024-04-09 05:19:07
907,27,79,buyer,2024-07-11 04:47:39
908,1,912,buyer,2024-10-07 02:58:21
909,92,591,seller,2024-09-26 18:30:18
910,48,580,partner,2024-10-25 18:43:51
911,6,132,seller,2024-07-15 12:04:57
912,20,744,buyer,2024-06-10 15:37:09
913,61,345,seller,2024-10-10 15:43:39
914,99,187,seller,2024-01-28 08:50:19
915,79,960,partner,2024-01-12 19:24:59
916,90,897,partner,2024-08-27 16:49:25
917,67,846,partner,2024-03-15 17:37:36
918,2,52,buyer,2023-12-17 03:10:55
919,54,609,seller,2024-06-09 03:46:56
920,45,691,seller,2024-05-26 07:13:17
921,31,378,buyer,2024-01-30 14:22:44
922,26,965,seller,2024-07-06 19:17:00
923,20,925,partner,2024-01-05 05:57:43
924,4,13,partner,2024-08-15 14:44:11
925,65,815,seller,2024-07-05 23:01:54
926,5,537,seller,2024-02-15 12:08:43
927,7,171,partner,2024-10-26 08:10:24
928,62,547,seller,2024-08-26 19:26:22
929,50,244,partner,2024-07-04 03:56:49
930,49,363,partner,2024-11-29 23:08:35
931,83,322,buyer,2024-07-06 19:36:41
932,80,420,seller,2024-05-22 03:48:23
933,4,773,partner,2024-09-18 22:28:29
934,85,119,seller,2024-01-30 02:57:00
935,5,877,partner,2024-04-20 09:00:38
936,6,582,seller,2024-08-12 19:32:01
937,52,114,seller,2023-12-23 23:49:17
938,67,245,buyer,2024-08-22 20:23:01
939,9,644,buyer,2024-10-11 21:27:36
940,29,42,seller,2024-11-05 04:19:09
941,60,560,partner,2024-05-23 03:52:19
942,99,84,seller,2024-01-20 00:15:24
943,64,595,buyer,2023-12-13 16:28:03
944,20,263,seller,2024-09-19 13:25:38
945,79,220,buyer,2024-01-02 13:06:10
946,63,164,partner,2024-04-26 21:44:52
947,57,760,seller,2024-10-08 02:35:40
948,43,284,buyer,2024-11-03 03:10:41
949,76,691,buyer,2024-07-14 16:57:04
950,3,473,buyer,2024-01-22 01:49:04
951,65,811,partner,2024-08-06 16:39:54
952,64,176,partner,2024-03-24 18:46:15
953,85,91,seller,2024-06-18 19:41:03
954,50,36,seller,2024-01-29 17:49:41
955,86,396,buyer,2024-03-24 04:47:31
956,45,526,partner,2024-01-01 10:14:33
957,33,552,partner,2024-06-23 12:57:16
958,65,261,partner,2024-05-13 01:34:41
959,39,668,partner,2024-09-12 13:10:09
960,91,341,buyer,2024-02-27 09:35:07
961,85,51,buyer,2024-06-28 22:50:03
962,85,315,buyer,2024-04-27 12:08:36
963,79,490,seller,2024-09-03 11:43:27
964,65,604,seller,2024-02-09 14:31:48
965,88,353,buyer,2024-08-18 07:36:39
966,87,567,partner,2024-10-24 23:51:51
967,19,904,buyer,2024-05-05 11:15:32
968,25,752,seller,2024-02-14 03:20:16
969,36,604,buyer,2024-05-16 04:18:06
970,97,88,seller,2024-05-25 15:03:29
971,94,888,seller,2023-12-27 23:07:39
972,97,789,buyer,2023-12-25 23:17:06
973,16,85,seller,2024-10-10 10:53:16
974,79,688,buyer,2024-01-22 22:37:33
975,99,137,seller,2024-03-05 23:48:01
976,93,500,seller,2024-06-13 21:53:25
977,86,126,partner,2024-05-02 03:34:53
978,61,805,buyer,2024-02-15 07:58:30
979,16,17,buyer,2024-11-17 19:30:01
980,96,978,seller,2024-06-14 11:51:54
981,71,246,seller,2024-04-09 03:40:35
982,51,898,seller,2024-08-03 19:11:25
983,12,87,seller,2024-03-11 03:55:37
984,2,877,seller,2024-04-25 12:43:06
985,76,334,buyer,2024-11-23 21:05:49
986,41,831,buyer,2024-10-08 19:40:51
987,55,954,partner,2024-11-17 07:18:43
988,62,115,seller,2024-07-29 07:49:44
989,100,396,buyer,2024-04-25 21:29:47
990,86,339,buyer,2024-06-14 21:35:31
991,79,719,seller,2024-09-16 15:19:47
992,74,611,partner,2024-04-20 10:57:45
993,6,77,seller,2024-08-25 14:27:55
994,21,858,seller,2024-06-02 22:51:05
995,56,643,seller,2024-03-25 17:31:49
996,54,744,buyer,2024-06-14 08:27:38
997,39,942,partner,2024-11-27 03:13:18
998,14,198,seller,2024-11-19 09:19:34
999,6,706,partner,2024-04-25 23:16:43
1000,8,539,partner,2024-10-27 18:52:23
1001,20,718,buyer,2024-09-25 14:25:08
1002,63,631,seller,2024-04-02 12:05:10
1003,14,906,seller,2024-01-10 11:26:30
1004,34,877,seller,2024-04-14 09:47:44
1005,27,761,partner,2024-08-05 09:37:57
1006,55,955,buyer,2024-02-17 21:36:47
1007,15,159,seller,2024-03-31 02:03:55
1008,12,908,buyer,2024-08-07 05:58:39
1009,8,278,buyer,2024-01-02 02:53:38
1010,2,583,buyer,2024-02-16 15:03:37
1011,66,460,partner,2024-07-08 08:23:34
1012,18,496,partner,2024-06-29 21:58:15
1013,87,863,partner,2024-12-07 01:35:59
1014,51,400,buyer,2024-05-11 16:20:37
1015,33,627,seller,2024-12-01 00:44:24
1016,51,70,buyer,2024-02-04 06:57:03
1017,90,437,partner,2024-05-09 06:28:55
1018,66,500,buyer,2024-02-13 12:46:07
1019,17,538,partner,2024-02-11 13:56:47
1020,25,339,seller,2024-06-11 05:26:59
1021,18,644,seller,2024-12-03 05:59:27
1022,52,59,buyer,2024-04-18 20:40:24
1023,77,809,seller,2024-05-05 03:20:04
1024,30,184,buyer,2024-11-11 17:28:24
1025,11,388,buyer,2024-01-12 20:56:29
1026,10,985,seller,2024-08-30 13:20:16
1027,17,523,seller,2023-12-23 19:22:17
1028,35,805,partner,2024-10-21 05:53:28
1029,1,24,seller,2024-07-25 05:10:54
1030,45,422,buyer,2023-12-19 01:15:42
1031,14,522,buyer,2024-10-29 06:49:30
1032,23,392,buyer,2024-04-05 02:13:09
1033,44,63,seller,2024-12-01 22:38:20
1034,28,387,seller,2024-11-21 19:25:07
1035,92,690,buyer,2024-10-24 00:08:57
1036,8,532,buyer,2024-09-18 03:15:12
1037,57,248,buyer,2024-08-26 06:57:34
1038,8,511,buyer,2024-02-25 22:15:29
1039,88,840,seller,2024-03-29 09:42:15
1040,62,886,buyer,2024-05-30 21:46:59
1041,11,812,partner,2024-06-23 16:32:16
1042,5,912,buyer,2024-12-03 19:26:37
1043,31,686,partner,2024-11-30 21:40:22
1044,10,72,buyer,2024-05-28 13:11:42
1045,21,471,seller,2024-10-01 12:24:22
1046,54,306,buyer,2024-05-17 08:16:19
1047,7,628,partner,2024-08-22 00:43:43
1048,63,759,partner,2024-11-13 10:56:18
1049,26,412,partner,2024-07-10 14:39:01
1050,91,624,buyer,2024-01-02 02:30:50
1051,72,833,partner,2024-08-26 22:46:20
1052,92,788,partner,2024-02-20 03:47:48
1053,83,234,partner,2024-04-27 17:46:11
1054,47,989,buyer,2024-02-19 08:43:22
1055,21,57,seller,2024-08-20 00:09:33
1056,29,804,partner,2024-05-15 22:43:45
1057,29,302,buyer,2024-06-06 14:09:46
1058,79,15,buyer,2024-02-19 06:47:38
1059,9,353,seller,2023-12-29 05:00:48
1060,80,178,partner,2024-12-09 22:39:56
1061,50,676,partner,2024-07-30 19:22:36
1062,45,127,partner,2024-06-01 01:38:57
1063,47,624,seller,2023-12-23 08:58:33
1064,72,390,seller,2024-02-27 17:40:48
1065,22,912,seller,2024-09-06 06:18:10
1066,79,159,seller,2024-10-08 04:51:55
1067,75,496,buyer,2024-02-04 19:54:39
1068,50,352,partner,2024-01-24 23:12:16
1069,88,767,seller,2024-04-24 23:14:43
1070,68,149,seller,2024-04-26 16:44:12
1071,67,524,buyer,2024-09-04 05:08:56
1072,90,745,buyer,2024-03-15 04:02:55
1073,52,794,buyer,2024-08-03 09:27:55
1074,51,901,seller,2024-03-05 18:29:26
1075,5,357,seller,2024-01-06 06:04:08
1076,42,621,partner,2024-05-09 15:11:02
1077,81,231,buyer,2024-07-14 05:05:26
1078,53,583,partner,2024-01-06 22:48:32
1079,28,241,seller,2024-03-22 06:26:19
1080,31,51,seller,2023-12-28 10:30:45
1081,46,843,buyer,2024-11-10 08:25:16
1082,17,961,buyer,2024-07-29 18:21:41
1083,30,844,partner,2024-11-26 12:28:58
1084,1,310,seller,2023-12-31 22:12:28
1085,80,238,buyer,2024-03-18 01:20:52
1086,65,976,buyer,2024-09-21 19:10:08
1087,10,105,seller,2023-12-30 18:39:24
1088,72,271,partner,2024-03-20 12:40:56
1089,84,293,buyer,2024-01-30 19:31:18
1090,94,162,seller,2024-08-18 21:11:24
1091,99,705,buyer,2024-12-09 06:07:09
1092,41,573,buyer,2024-01-28 05:53:38
1093,10,454,partner,2024-02-02 09:46:43
1094,6,4,seller,2023-12-22 12:57:05
1095,1,257,partner,2024-10-31 08:02:38
1096,26,465,buyer,2024-03-04 12:22:15
1097,57,683,buyer,2024-11-09 02:26:10
1098,88,754,partner,2024-09-01 17:33:48
1099,63,161,seller,2024-05-31 11:13:03
1100,82,507,partner,2024-01-13 23:34:08
1101,92,599,partner,2024-08-20 07:49:55
1102,85,823,buyer,2024-06-16 04:38:37
1103,90,750,buyer,2024-11-08 01:35:25
1104,97,571,buyer,2024-03-30 09:28:57
1105,42,140,buyer,2023-12-26 19:43:44
1106,99,411,buyer,2024-03-07 10:46:35
1107,77,344,seller,2024-11-18 03:18:21
1108,64,548,partner,2024-07-10 13:58:36
1109,86,826,buyer,2024-08-17 19:20:04
1110,54,14,buyer,2024-08-14 19:23:30
1111,97,285,partner,2024-11-21 01:06:32
1112,81,960,seller,2024-06-23 04:08:59
1113,82,23,buyer,2024-11-09 21:33:24
1114,6,851,buyer,2024-07-08 08:51:39
1115,47,974,partner,2024-11-12 18:31:07
1116,37,992,buyer,2024-06-24 14:55:37
1117,96,762,buyer,2024-11-26 19:08:51
1118,38,699,seller,2024-01-20 17:00:09
1119,62,889,seller,2024-07-30 07:05:25
1120,88,697,seller,2024-08-10 17:52:18
1121,69,8,seller,2024-06-12 02:43:48
1122,27,409,partner,2024-02-03 22:44:44
1123,52,216,buyer,2024-07-10 19:30:11
1124,7,292,seller,2024-10-29 01:26:51
1125,92,518,partner,2024-08-18 13:39:24
1126,37,52,buyer,2023-12-25 20:13:30
1127,62,555,partner,2024-11-11 12:06:14
1128,28,266,seller,2024-07-26 20:36:10
1129,54,953,partner,2024-10-23 03:59:28
1130,1,255,seller,2024-05-09 00:05:04
1131,95,849,partner,2024-06-18 06:01:35
1132,73,90,partner,2023-12-20 14:44:19
1133,100,1000,buyer,2024-09-29 22:07:51
1134,80,115,buyer,2024-06-27 17:32:36
1135,56,705,partner,2024-06-12 14:31:02
1136,76,310,seller,2024-11-25 00:38:55
1137,19,409,seller,2024-06-27 22:49:09
1138,46,765,partner,2024-04-12 22:20:00
1139,94,140,seller,2024-07-24 07:20:40
1140,61,433,buyer,2024-03-31 15:48:45
1141,49,886,buyer,2024-04-15 23:55:13
1142,95,299,buyer,2024-03-01 13:13:45
1143,48,185,partner,2024-07-27 15:39:55
1144,90,72,seller,2024-01-06 17:29:25
1145,45,448,buyer,2024-03-02 15:40:19
1146,47,825,partner,2024-05-24 19:04:05
1147,87,506,partner,2024-04-10 14:09:55
1148,100,369,partner,2023-12-25 02:15:33
1149,54,404,buyer,2024-02-09 12:28:26
1150,68,339,buyer,2024-06-29 16:57:40
1151,18,784,buyer,2024-01-17 04:52:28
1152,83,620,buyer,2024-01-27 05:50:57
1153,49,548,buyer,2024-08-05 09:05:55
1154,37,931,buyer,2024-05-16 22:47:15
1155,57,475,buyer,2024-10-31 07:13:41
1156,45,268,buyer,2024-04-03 09:05:55
1157,28,777,partner,2023-12-12 10:31:14
1158,60,834,seller,2024-11-23 22:39:53
1159,33,318,seller,2024-12-02 02:26:13
1160,45,250,seller,2024-10-21 12:03:58
1161,96,907,buyer,2024-10-31 05:01:01
1162,6,59,buyer,2024-08-23 13:54:43
1163,54,112,buyer,2024-08-28 06:05:14
1164,81,154,seller,2024-09-20 13:47:49
1165,63,307,seller,2024-01-14 23:07:10
1166,91,854,partner,2024-01-29 16:02:52
1167,83,120,seller,2024-01-18 11:47:55
1168,20,20,partner,2024-06-24 01:41:02
1169,84,577,buyer,2024-03-02 16:53:33
1170,2,610,buyer,2024-04-11 18:02:14
1171,50,778,partner,2024-07-23 22:56:37
1172,48,712,seller,2024-02-21 13:10:32
1173,30,418,seller,2024-02-27 06:18:50
1174,95,592,buyer,2024-11-13 18:08:44
1175,65,348,partner,2024-06-05 09:44:01
1176,78,149,buyer,2024-09-25 07:09:16
1177,9,179,partner,2023-12-11 23:19:54
1178,56,473,seller,2024-01-05 00:14:23
1179,55,987,buyer,2024-04-25 20:44:08
1180,31,29,buyer,2024-08-13 04:19:59
1181,32,383,partner,2024-08-15 08:03:08
1182,42,68,buyer,2024-03-16 09:28:52
1183,64,491,seller,2024-08-24 10:26:08
1184,65,166,buyer,2024-04-23 16:49:54
1185,57,730,seller,2023-12-19 09:30:02
1186,4,121,seller,2024-05-07 08:02:36
1187,48,833,buyer,2024-10-18 03:54:21
1188,91,351,seller,2024-04-18 08:08:01
1189,16,925,seller,2024-05-27 02:19:19
1190,57,935,partner,2024-06-29 22:54:36
1191,96,705,buyer,2024-04-29 15:50:48
1192,93,688,buyer,2024-04-20 07:29:03
1193,100,762,partner,2024-03-16 12:46:19
1194,13,160,seller,2024-05-15 13:08:04
1195,92,63,partner,2024-03-29 16:08:25
1196,77,259,partner,2024-05-22 18:49:24
1197,40,581,buyer,2024-08-25 09:41:32
1198,27,297,seller,2024-04-10 19:04:31
1199,62,983,partner,2024-01-22 08:16:37
1200,91,136,buyer,2024-03-06 00:00:39
1201,63,644,buyer,2024-07-13 14:57:01
1202,78,214,seller,2024-02-19 01:38:49
1203,24,100,partner,2024-01-30 12:23:05
1204,13,611,buyer,2024-08-17 11:22:05
1205,19,860,partner,2024-06-15 08:49:27
1206,34,670,buyer,2024-11-18 12:50:28
1207,99,294,seller,2024-06-11 04:50:49
1208,61,630,seller,2024-06-16 21:05:37
1209,88,376,partner,2024-09-20 07:37:55
1210,45,325,partner,2024-06-11 20:59:31
1211,81,710,seller,2024-06-16 23:31:11
1212,57,87,partner,2024-03-29 15:23:31
1213,30,626,seller,2023-12-22 11:57:58
1214,22,794,seller,2024-02-14 23:42:36
1215,66,808,partner,2024-06-02 12:40:46
1216,44,444,buyer,2024-11-01 09:12:40
1217,93,509,seller,2024-07-19 10:56:22
1218,29,225,partner,2024-02-26 01:16:47
1219,13,174,seller,2023-12-30 19:37:53
1220,33,623,seller,2024-06-12 07:42:52
1221,13,861,buyer,2024-06-14 23:11:40
1222,70,521,seller,2024-08-26 09:18:49
1223,47,137,buyer,2024-08-02 13:54:39
1224,19,829,buyer,2024-07-14 12:44:21
1225,89,883,seller,2024-07-09 08:59:22
1226,57,366,partner,2024-07-29 04:07:19
1227,67,560,buyer,2024-06-27 15:32:39
1228,13,607,seller,2023-12-25 16:06:24
1229,43,70,seller,2024-04-22 07:10:42
1230,66,635,partner,2024-10-21 15:17:19
1231,35,48,seller,2024-08-09 13:52:17
1232,74,602,buyer,2024-12-06 00:41:01
1233,43,985,partner,2023-12-26 04:39:25
1234,64,372,seller,2024-02-28 04:48:25
1235,96,344,partner,2024-05-08 09:04:16
1236,24,884,buyer,2024-05-26 11:06:19
1237,86,183,partner,2024-06-12 14:21:40
1238,33,789,seller,2024-02-27 12:20:01
1239,42,344,seller,2024-04-12 10:55:29
1240,13,967,seller,2024-06-08 11:13:11
1241,85,556,seller,2024-04-18 00:09:47
1242,71,644,partner,2024-11-08 08:46:53
1243,91,200,seller,2024-12-01 05:20:40
1244,51,856,seller,2024-06-05 19:22:15
1245,84,543,partner,2024-01-24 17:46:18
1246,16,320,buyer,2024-08-29 13:01:10
1247,74,821,partner,2024-07-02 08:26:34
1248,18,438,buyer,2024-10-25 01:50:17
1249,39,465,buyer,2024-09-18 11:35:47
1250,24,651,partner,2024-10-30 14:31:33
1251,5,333,buyer,2024-08-31 08:25:33
1252,54,563,seller,2024-06-03 21:24:50
1253,73,287,buyer,2024-07-01 09:37:36
1254,31,707,buyer,2024-07-20 03:22:43
1255,12,494,partner,2024-09-17 17:05:04
1256,6,787,buyer,2024-11-12 09:44:28
1257,18,948,seller,2024-10-22 04:06:35
1258,37,864,buyer,2024-09-30 16:38:13
1259,28,919,buyer,2024-06-17 05:51:05
1260,92,504,partner,2024-05-14 18:43:34
1261,54,329,seller,2024-01-14 21:04:07
1262,39,64,partner,2024-11-13 16:11:08
1263,91,444,buyer,2024-11-06 14:35:14
1264,66,867,seller,2024-02-29 19:53:37
1265,28,302,partner,2024-08-28 00:59:18
1266,82,614,buyer,2024-09-12 22:29:04
1267,41,60,buyer,2024-10-10 03:18:18
1268,79,631,seller,2024-02-10 17:27:37
1269,15,325,partner,2024-07-21 19:20:40
1270,68,858,seller,2024-02-02 23:11:14
1271,73,592,buyer,2024-01-08 08:33:09
1272,2,288,seller,2024-11-19 16:06:06
1273,53,845,buyer,2024-07-30 03:52:47
1274,18,487,partner,2024-05-10 13:53:01
1275,53,534,seller,2024-05-17 15:05:08
1276,15,239,seller,2024-11-05 00:58:03
1277,17,728,buyer,2023-12-11 21:17:36
1278,79,846,seller,2024-10-30 21:48:32
1279,43,219,seller,2024-09-10 16:49:53
1280,97,295,partner,2024-04-10 04:07:36
1281,87,668,partner,2024-04-01 10:18:40
1282,18,557,partner,2024-02-24 01:18:24
1283,70,593,partner,2024-08-02 09:31:15
1284,100,480,seller,2024-11-01 21:09:09
1285,32,150,seller,2024-05-05 08:25:39
1286,94,760,seller,2024-05-24 05:02:36
1287,50,693,partner,2024-03-21 04:37:33
1288,27,965,seller,2023-12-28 22:12:03
1289,73,188,partner,2024-08-18 20:17:26
1290,42,301,seller,2024-09-26 23:04:54
1291,38,913,partner,2024-10-15 16:15:15
1292,41,901,seller,2024-05-11 15:00:18
1293,60,473,seller,2024-05-09 01:57:02
1294,78,710,buyer,2024-01-31 08:02:44
1295,90,143,partner,2024-03-19 09:59:36
1296,70,30,partner,2024-02-22 04:22:42
1297,83,275,seller,2024-08-18 22:59:33
1298,49,398,buyer,2024-06-17 08:30:03
1299,93,550,partner,2024-10-04 00:57:37
1300,28,624,partner,2024-11-03 13:53:44
1301,59,272,partner,2024-04-22 05:09:38
1302,18,567,seller,2024-01-09 16:13:00
1303,20,982,seller,2024-08-05 00:30:19
1304,93,560,partner,2024-01-09 09:02:07
1305,16,489,buyer,2024-11-12 01:44:47
1306,61,428,partner,2024-12-06 09:52:09
1307,79,924,buyer,2024-11-27 15:26:50
1308,50,896,partner,2024-03-10 21:26:00
1309,49,976,seller,2024-08-26 13:48:35
1310,4,36,seller,2024-03-21 13:38:41
1311,41,925,partner,2024-10-22 15:44:09
1312,64,503,seller,2024-12-03 17:48:47
1313,78,727,seller,2024-06-26 13:51:36
1314,99,105,buyer,2024-03-29 13:30:39
1315,8,120,partner,2024-10-12 10:32:50
1316,41,985,partner,2024-03-26 22:18:42
1317,31,825,partner,2024-12-05 15:35:39
1318,32,140,seller,2024-03-17 01:42:32
1319,27,112,seller,2024-08-10 21:15:05
1320,14,310,seller,2024-03-24 16:49:12
1321,27,447,seller,2024-07-24 06:13:25
1322,68,846,partner,2024-04-21 02:46:48
1323,99,734,partner,2024-09-08 17:52:24
1324,69,238,buyer,2024-10-02 12:38:01
1325,32,62,buyer,2024-05-20 01:19:38
1326,30,433,partner,2024-12-10 01:55:41
1327,93,83,partner,2024-08-20 18:47:51
1328,57,37,seller,2024-02-15 22:43:35
1329,29,559,seller,2024-07-02 22:50:18
1330,20,132,seller,2024-01-16 07:49:33
1331,4,627,seller,2024-04-17 17:23:37
1332,67,367,seller,2024-09-22 13:18:37
1333,26,84,buyer,2024-09-13 18:41:32
1334,11,1000,partner,2024-08-28 21:50:43
1335,81,893,seller,2024-04-13 05:17:17
1336,16,157,buyer,2023-12-29 11:06:38
1337,90,32,partner,2024-02-17 15:58:38
1338,18,934,buyer,2024-07-15 04:23:04
1339,98,235,buyer,2024-08-12 14:25:51
1340,64,697,partner,2024-09-20 14:06:47
1341,79,573,buyer,2024-07-05 12:58:08
1342,94,589,partner,2024-04-16 12:37:27
1343,32,479,seller,2024-06-15 03:17:59
1344,67,378,buyer,2024-01-09 19:04:34
1345,39,194,partner,2024-01-27 07:22:25
1346,53,302,partner,2024-08-03 11:19:41
1347,66,906,partner,2023-12-13 09:15:53
1348,22,632,seller,2024-05-11 15:53:08
1349,47,701,partner,2024-11-13 16:03:55
1350,97,345,partner,2024-08-04 22:56:50
1351,33,720,seller,2024-04-03 04:55:35
1352,18,733,buyer,2024-02-11 04:54:40
1353,33,490,seller,2024-02-22 01:59:32
1354,50,755,partner,2024-01-02 21:31:43
1355,55,24,seller,2024-10-09 04:53:12
1356,63,851,partner,2024-08-17 01:06:32
1357,83,289,seller,2024-07-03 08:25:36
1358,27,310,seller,2024-06-27 11:00:56
1359,33,513,buyer,2024-01-24 23:47:05
1360,6,933,partner,2024-11-21 08:27:05
1361,70,935,seller,2024-07-16 22:07:46
1362,98,996,buyer,2024-02-20 12:46:17
1363,68,605,seller,2024-09-08 16:43:21
1364,15,502,partner,2023-12-22 04:28:38
1365,65,260,seller,2024-07-05 02:50:46
1366,46,446,seller,2024-09-03 12:34:25
1367,3,761,buyer,2024-06-19 12:49:45
1368,60,84,partner,2024-04-25 12:43:22
1369,27,50,partner,2024-04-01 23:00:14
1370,79,931,buyer,2024-02-10 10:06:32
1371,81,713,partner,2024-02-27 18:52:09
1372,43,521,buyer,2024-06-16 19:23:22
1373,64,340,partner,2024-09-21 05:27:19
1374,7,742,partner,2024-05-20 16:30:45
1375,36,849,partner,2024-03-05 06:05:47
1376,61,770,partner,2024-06-26 05:12:31
1377,9,494,buyer,2024-10-23 19:57:15
1378,7,732,seller,2024-09-22 13:26:36
1379,32,689,seller,2024-08-15 01:05:02
1380,18,264,buyer,2024-09-08 14:03:14
1381,38,580,seller,2024-10-22 19:00:10
1382,94,975,partner,2024-03-24 04:57:08
1383,27,161,partner,2023-12-12 20:07:22
1384,63,824,partner,2024-06-07 11:29:59
1385,59,427,seller,2024-02-01 12:23:22
1386,81,303,seller,2023-12-23 23:46:12
1387,1,378,buyer,2024-06-14 15:15:22
1388,62,415,buyer,2024-02-22 06:45:59
1389,28,641,seller,2024-06-13 13:06:23
1390,27,633,seller,2024-06-22 21:28:29
1391,56,270,seller,2024-08-20 18:42:37
1392,40,429,partner,2024-04-22 15:10:27
1393,36,983,partner,2024-07-06 11:32:20
1394,2,140,seller,2023-12-30 20:49:35
1395,82,792,partner,2024-09-13 01:51:50
1396,23,823,buyer,2024-05-01 15:33:50
1397,29,137,partner,2024-12-06 19:21:53
1398,4,93,partner,2024-04-15 15:40:12
1399,66,133,buyer,2024-06-27 07:45:52
1400,24,943,buyer,2024-11-24 04:19:13
1401,10,174,partner,2024-01-21 06:01:22
1402,31,15,seller,2023-12-21 17:24:38
1403,5,901,seller,2024-05-26 03:15:21
1404,12,633,buyer,2023-12-24 06:24:47
1405,21,904,seller,2024-06-20 08:43:23
1406,90,21,buyer,2024-03-31 08:35:47
1407,95,369,seller,2024-09-09 01:59:39
1408,3,371,buyer,2024-01-20 08:58:50
1409,69,856,buyer,2024-03-28 08:31:19
1410,29,893,buyer,2024-01-31 02:50:53
1411,26,348,seller,2024-09-15 06:54:37
1412,78,416,seller,2024-07-15 02:16:35
1413,45,653,seller,2024-06-21 08:55:25
1414,96,970,seller,2023-12-13 12:54:39
1415,36,317,seller,2024-02-02 12:16:37
1416,28,726,partner,2024-03-21 07:47:00
1417,57,940,seller,2024-09-02 08:47:17
1418,11,72,buyer,2024-12-01 03:57:45
1419,60,326,partner,2024-11-18 19:58:29
1420,47,623,buyer,2024-07-14 01:24:53
1421,53,124,seller,2024-02-23 01:47:50
1422,37,984,seller,2024-01-12 00:17:24
1423,46,124,buyer,2023-12-16 17:05:02
1424,34,255,partner,2024-08-28 11:33:04
1425,19,685,seller,2024-08-29 17:26:19
1426,61,597,partner,2024-05-09 08:22:59
1427,38,523,seller,2024-03-13 15:18:25
1428,87,792,buyer,2024-05-17 07:08:25
1429,32,934,partner,2024-05-26 15:40:35
1430,3,250,seller,2024-03-16 13:19:12
1431,52,805,seller,2024-06-21 07:52:56
1432,97,398,buyer,2024-07-02 00:22:52
1433,11,529,partner,2024-03-07 22:40:37
1434,81,942,partner,2024-03-08 00:53:45
1435,13,712,buyer,2024-03-21 21:31:14
1436,56,969,buyer,2024-02-18 05:14:51
1437,26,416,partner,2024-05-28 21:55:15
1438,76,405,buyer,2024-04-26 23:12:19
1439,89,782,seller,2024-05-06 09:08:51
1440,46,666,seller,2024-06-11 18:35:14
1441,49,588,seller,2024-02-10 04:43:15
1442,77,270,seller,2024-11-29 13:10:56
1443,55,206,seller,2024-03-06 06:14:08
1444,21,433,buyer,2024-09-23 21:24:11
1445,29,547,seller,2024-02-03 10:52:33
1446,27,489,seller,2024-09-15 01:21:53
1447,10,671,seller,2024-12-08 05:04:10
1448,19,197,buyer,2024-08-06 21:15:03
1449,9,984,seller,2024-04-23 17:40:00
1450,31,119,partner,2023-12-16 07:42:50
1451,61,814,partner,2024-09-05 01:42:47
1452,65,407,partner,2024-07-28 07:35:22
1453,46,69,buyer,2024-02-17 20:37:24
1454,90,362,buyer,2024-07-14 07:38:39
1455,30,804,seller,2023-12-14 22:38:28
1456,10,826,seller,2024-02-16 06:02:07
1457,56,527,seller,2024-11-10 05:21:43
1458,78,870,partner,2024-07-04 00:17:40
1459,51,114,seller,2024-08-17 12:37:50
1460,67,653,partner,2024-02-13 04:59:57
1461,68,958,seller,2024-12-03 22:54:58
1462,32,543,buyer,2024-01-03 22:55:42
1463,61,424,seller,2024-05-21 02:54:55
1464,25,468,partner,2024-04-06 15:23:53
1465,86,333,buyer,2024-06-18 23:30:21
1466,58,534,seller,2024-11-05 18:38:01
1467,85,339,buyer,2024-09-20 04:16:37
1468,45,152,partner,2023-12-12 23:40:38
1469,23,793,seller,2024-06-13 07:56:52
1470,69,90,partner,2023-12-20 17:44:32
1471,99,618,partner,2024-09-27 22:56:11
1472,76,36,buyer,2024-09-02 20:08:54
1473,70,164,seller,2023-12-24 22:43:02
1474,21,111,partner,2024-02-20 12:16:34
1475,2,265,seller,2024-05-25 13:39:01
1476,29,647,seller,2024-01-10 00:02:56
1477,75,339,partner,2024-03-24 21:59:31
1478,98,976,seller,2024-05-09 22:14:46
1479,14,432,buyer,2024-11-29 17:06:24
1480,8,937,seller,2023-12-26 00:37:27
1481,1,123,seller,2023-12-22 03:42:10
1482,68,131,partner,2024-02-14 19:43:52
1483,67,253,seller,2024-09-04 10:26:28
1484,49,129,buyer,2024-06-21 16:38:01
1485,30,886,buyer,2024-11-07 10:27:24
1486,5,885,seller,2024-06-09 21:40:25
1487,3,579,buyer,2024-04-25 16:04:33
1488,30,709,seller,2024-01-25 01:01:55
1489,89,533,partner,2024-09-20 22:37:38
1490,3,713,partner,2024-12-02 13:11:28
1491,22,686,seller,2024-11-27 14:10:16
1492,76,478,buyer,2024-05-12 06:51:55
1493,14,587,partner,2024-04-23 17:31:47
1494,56,88,partner,2024-09-07 17:28:01
1495,65,758,seller,2024-11-05 10:12:56
1496,13,4,partner,2024-02-12 01:37:55
1497,44,177,buyer,2024-04-21 07:49:07
1498,35,684,seller,2023-12-20 14:44:26
1499,25,731,buyer,2024-08-19 19:52:48
1500,1,297,buyer,2024-11-01 00:19:16
